sequence,label,id
QPIPIVAIVALVVAIIIAIVVWSIVIIEYRKILRQRKIDRLIDRLIERAEDSGNESEGEISALVEMGVEMGHHAPWDVDDL,ionchannels,P05919
MTMAGGRRGLVAPQNTFLENIVRRSNDTNFVLGNAQIVDWPIVYSNDGFCKLSGYHRAEVMQKSSTCSFMYGELTDKDTIEKVRQTFENYEMNSFEILMYKKNRTPVWFFVKIAPIRNEQDKVVLFLCTFSDITAFKQPIEDDSCKGWGKFARLTRALTSSRGVLQQLAPSVQKGENVHKHSRLAEVLQLGSDILPQYKQEAPKTPPHIILHYCVFKTTWDWIILILTFYTAILVPYNVSFKTRQNNVAWLVVDSIVDVIFLVDIVLNFHTTFVGPAGEVISDPKLIRMNYLKTWFVIDLLSCLPYDVINAFENVDEVSAFMGDPGKIGFADQIPPPLEGRESQGISSLFSSLKVVRLLRLGRVARKLDHYIEYGAAVLVLLVCVFGLAAHWMACIWYSIGDYEIFDEDTKTIRNNSWLYQLAMDIGTPYQFNGSGSGKWEGGPSKNSVYISSLYFTMTSLTSVGFGNIAPSTDIEKIFAVAIMMIGSLLYATIFGNVTTIFQQMYANTNRYHEMLNSVRDFLKLYQVPKGLSERVMDYIVSTWSMSRGIDTEKVLQICPKDMRADICVHLNRKVFKEHPAFRLASDGCLRALAMEFQTVHCAPGDLIYHAGESVDSLCFVVSGSLEVIQDDEVVAILGKGDVFGDVFWKEATLAQSCANVRALTYCDLHVIKRDALQKVLEFYTAFSHSFSRNLILTYNLRKRIVFRKISDVKREEEERMKRKNEAPLILPPDHPVRRLFQRFRQQKEARLAAERGGRDLDDLDVEKGNVLTEHASANHSLVKASVVTVRESPATPVSFQAASTSGVPDHAKLQAPGSECLGPKGGGGDCAKRKSWARFKDACGKSEDWNKVSKAESMETLPERTKASGEATLKKTDSCDSGITKSDLRLDNVGEARSPQDRSPILAEVKHSFYPIPEQTLQATVLEVRHELKEDIKALNAKMTNIEKQLSEILRILTSRRSSQSPQELFEISRPQSPESERDIFGAS,ionchannels,O95259
MLKGFKEFLARGNIVDLAVAVVIGTAFTALVTKFTDSIITPLINRIGVNAQSDVGILRIGIGGGQTIDLNVLLSAAINFFLIAFAVYFLVVLPYNTLRKKGEVEQPGDTQVVLLTEIRDLLAQTNGDSPGRHGGRGTPSPTDGPRASTESQ,ionchannels,P9WJN5
MARFGDEMPARYGGGGSGAAAGVVVGSGGGRGAGGSRQGGQPGAQRMYKQSMAQRARTMALYNPIPVRQNCLTVNRSLFLFSEDNVVRKYAKKITEWPPFEYMILATIIANCIVLALEQHLPDDDKTPMSERLDDTEPYFIGIFCFEAGIKIIALGFAFHKGSYLRNGWNVMDFVVVLTGILATVGTEFDLRTLRAVRVLRPLKLVSGIPSLQVVLKSIMKAMIPLLQIGLLLFFAILIFAIIGLEFYMGKFHTTCFEEGTDDIQGESPAPCGTEEPARTCPNGTKCQPYWEGPNNGITQFDNILFAVLTVFQCITMEGWTDLLYNSNDASGNTWNWLYFIPLIIIGSFFMLNLVLGVLSGEFAKERERVENRRAFLKLRRQQQIERELNGYMEWISKAEEVILAEDETDGEQRHPFDGALRRTTIKKSKTDLLNPEEAEDQLADIASVGSPFARASIKSAKLENSTFFHKKERRMRFYIRRMVKTQAFYWTVLSLVALNTLCVAIVHYNQPEWLSDFLYYAEFIFLGLFMSEMFIKMYGLGTRPYFHSSFNCFDCGVIIGSIFEVIWAVIKPGTSFGISVLRALRLLRIFKVTKYWASLRNLVVSLLNSMKSIISLLFLLFLFIVVFALLGMQLFGGQFNFDEGTPPTNFDTFPAAIMTVFQILTGEDWNEVMYDGIKSQGGVQGGMVFSIYFIVLTLFGNYTLLNVFLAIAVDNLANAQELTKDEQEEEEAANQKLALQKAKEVAEVSPLSAANMSIAVKEQQKNQKPAKSVWEQRTSEMRKQNLLASREALYNEMDPDERWKAAYTRHLRPDMKTHLDRPLVVDPQENRNNNTNKSRAAEPTVDQRLGQQRAEDFLRKQARYHDRARDPSGSAGLDARRPWAGSQEAELSREGPYGRESDHHAREGSLEQPGFWEGEAERGKAGDPHRRHVHRQGGSRESRSGSPRTGADGEHRRHRAHRRPGEEGPEDKAERRARHREGSRPARGGEGEGEGPDGGERRRRHRHGAPATYEGDARREDKERRHRRRKENQGSGVPVSGPNLSTTRPIQQDLGRQDPPLAEDIDNMKNNKLATAESAAPHGSLGHAGLPQSPAKMGNSTDPGPMLAIPAMATNPQNAASRRTPNNPGNPSNPGPPKTPENSLIVTNPSGTQTNSAKTARKPDHTTVDIPPACPPPLNHTVVQVNKNANPDPLPKKEEEKKEEEEDDRGEDGPKPMPPYSSMFILSTTNPLRRLCHYILNLRYFEMCILMVIAMSSIALAAEDPVQPNAPRNNVLRYFDYVFTGVFTFEMVIKMIDLGLVLHQGAYFRDLWNILDFIVVSGALVAFAFTGNSKGKDINTIKSLRVLRVLRPLKTIKRLPKLKAVFDCVVNSLKNVFNILIVYMLFMFIFAVVAVQLFKGKFFHCTDESKEFEKDCRGKYLLYEKNEVKARDREWKKYEFHYDNVLWALLTLFTVSTGEGWPQVLKHSVDATFENQGPSPGYRMEMSIFYVVYFVVFPFFFVNIFVALIIITFQEQGDKMMEEYSLEKNERACIDFAISAKPLTRHMPQNKQSFQYRMWQFVVSPPFEYTIMAMIALNTIVLMMKFYGASVAYENALRVFNIVFTSLFSLECVLKVMAFGILNYFRDAWNIFDFVTVLGSITDILVTEFGNNFINLSFLRLFRAARLIKLLRQGYTIRILLWTFVQSFKALPYVCLLIAMLFFIYAIIGMQVFGNIGIDVEDEDSDEDEFQITEHNNFRTFFQALMLLFRSATGEAWHNIMLSCLSGKPCDKNSGILTRECGNEFAYFYFVSFIFLCSFLMLNLFVAVIMDNFEYLTRDSSILGPHHLDEYVRVWAEYDPAAWGRMPYLDMYQMLRHMSPPLGLGKKCPARVAYKRLLRMDLPVADDNTVHFNSTLMALIRTALDIKIAKGGADKQQMDAELRKEMMAIWPNLSQKTLDLLVTPHKSTDLTVGKIYAAMMIMEYYRQSKAKKLQAMREEQDRTPLMFQRMEPPSPTQEGGPGQNALPSTQLDPGGALMAHESGLKESPSWVTQRAQEMFQKTGTWSPEQGPPTDMPNSQPNSQSVEMREMGRDGYSDSEHYLPMEGQGRAASMPRLPAENQRRRGRPRGNNLSTISDTSPMKRSASVLGPKARRLDDYSLERVPPEENQRHHQRRRDRSHRASERSLGRYTDVDTGLGTDLSMTTQSGDLPSKERDQERGRPKDRKHRQHHHHHHHHHHPPPPDKDRYAQERPDHGRARARDQRWSRSPSEGREHMAHRQGSSSVSGSPAPSTSGTSTPRRGRRQLPQTPSTPRPHVSYSPVIRKAGGSGPPQQQQQQQQQQQAVARPGRAATSGPRRYPGPTAEPLAGDRPPTGGHSSGRSPRMERRVPGPARSESPRACRHGGARWPASGPHVSEGPPGPRHHGYYRGSDYDEADGPGSGGGEEAMAGAYDAPPPVRHASSGATGRSPRTPRASGPACASPSRHGRRLPNGYYPAHGLARPRGPGSRKGLHEPYSESDDDWC,ionchannels,O00555
MEPLDQRRTDSDQEEGFGVQSRRATDLGMVPNLRRSNSSLCKSRRLLCSFSSEKQENLSSWIPENIKKKECVYFVESSKLSDAGKVVCECGYTHEQHIEVAIKPHTFQGKEWDPKKHVHEMPTDAFGDIVFTGLSQKVGKYVRLSQDTSSIVIYQLMTQHWGLDVPSLLISVTGGAKNFNMKLRLKSIFRRGLVKVAQTTGAWIITGGSHTGVMKQVGEAVRDFSLSSSCKEGDVITIGIATWGTIHNREALIHPMGGFPAEYMLDEEGQGNLTCLDSNHSHFILVDDGTHGQYGVEIPLRTKLEKFISEQTKERGGVAIKIPIVCVVLEGGPGTLHTIYNAITNGTPCVIVEGSGRVADVIAQVAALPVSEITISLIQQKLSVFFQEMFETFTENQIVEWTKKIQDIVRRRQLLTVFREGKDGQQDVDVAILQALLKASRSQDHFGHENWDHQLKLAVAWNRVDIARSEIFTDEWQWKPSDLHPMMTAALISNKPEFVRLFLENGVRLKEFVTWDTLLCLYENLEPSCLFHSKLQKVLAEEHERLAYASETPRLQMHHVAQVLRELLGDSTQLLYPRPRYTDRPRLSLPMPHIKLNVQGVSLRSLYKRSTGHVTFTIDPVRDLLIWAIIQNHRELAGIIWAQSQDCTAAALACSKILKELSKEEEDTDSSEEMLALADEFEHRAIGVFTECYRKDEERAQKLLVRVSEAWGKTTCLQLALEAKDMKFVSHGGIQAFLTKVWWGQLCVDNGLWRIILCMLAFPLLFTGFISFREKRLQALCRLARVRAFFNAPVVIFYLNILSYFAFLCLFAYVLMVDFQPSPSWCEYLIYLWLFSLVCEETRQLFYDPDGCGLMKMASLYFSDFWNKLDVGAILLFIAGLTCRLIPATLYPGRIILSLDFIMFCLRLMHIFTISKTLGPKIIIVKRMMKDVFFFLFLLAVWVVSFGVAKQAILIHNESRVDWIFRGVIYHSYLTIFGQIPTYIDGVNFSMDQCSPNGTDPYKPKCPESDWTGQAPAFPEWLTVTLLCLYLLFANILLLNLLIAMFNYTFQEVQEHTDQIWKFQRHDLIEEYHGRPPAPPPLILLSHLQLLIKRIVLKIPAKRHKQLKNKLEKNEEAALLSWELYLKENYLQNQQYQHKQRPEQKIQDISEKVDTMVDLLDMDRVKRSGSTEQRLASLEEQVTQMGRSLHWIVTTLKDSGFGSGAGALTLAQRAFDEPDAELSIRKKGEEGGDGYHVSARHLLYPDARIMRFPVPNEKVPWEAEFLIYDPPFYTAEKKDATLTDPVGDTAEPLSKINYNVVDGLMDRCSFHGTYVVQYGFPLNPMGRTGLRGRGSLSWFGPNHTLQPVVTRWKRNQGGGICRKSVRKMLEVLVVKLPQSEHWALPGGSREPGKMLPRKLKQVLQQEYWVTFETLLRQGTEVYKGYVDDPRNTDNAWIETVAVSIHFQDQNDVELKRLEENLQTHDPKESARGLEMSTEWQVVDRRIPLYVNHKKILQKVASLFGAHF,ionchannels,E9PTA2
MAAVAGLYGLGEDRQHRKKQQQQQQHQKEQLEQKEEQKKIAERKLQLREQQLQRNSLDGYGSLPKLSSQDEEGGAGHGFGGGPQHFEPIPHDHDFCERVVINVSGLRFETQLRTLNQFPDTLLGDPARRLRYFDPLRNEYFFDRSRPSFDAILYYYQSGGRLRRPVNVPLDVFSEEIKFYELGDQAINKFREDEGFIKEEERPLPDNEKQRKVWLLFEYPESSQAARVVAIISVFVILLSIVIFCLETLPEFKHYKVFNTTTNGTKIEEDEVPDITDPFFLIETLCIIWFTFELTVRFLACPNKLNFCRDVMNVIDIIAIIPYFITLATVVAEEEDTLNLPKAPVSPQDKSSNQAMSLAILRVIRLVRVFRIFKLSRHSKGLQILGRTLKASMRELGLLIFFLFIGVVLFSSAVYFAEAGSENSFFKSIPDAFWWAVVTMTTVGYGDMTPVGVWGKIVGSLCAIAGVLTIALPVPVIVSNFNYFYHRETDQEEMQSQNFNHVTSCPYLPGTLGQHMKKSSLSESSSDMMDLDDGVESTPGLTETHPGRSAVAPFLGAQQQQQQPVASSLSMSIDKQLQHPLQQLTQTQLYQQQQQQQQQQQNGFKQQQQQTQQQLQQQQSHTINASAAAATSGSGSSGLTMRHNNALAVSIETDV,ionchannels,P08510
MLEPLQILSICSFILSALHFMAWTIGHLNQIKRGVNLKIQIRNPNKEAINREVSILRHNYQKEIQAKETMKKILSDNMEVLGDHIVVEGLSTDEIIKMGETVLEVEELQ,ionchannels,P03493
MGSLWSKISQLFVDAFTEFLVSVVDIVIFLAILFGFTVAGWLLVFLLRVVCSALLRSRSAIHSPELSKVL,ionchannels,A0MD31
MSLLTEVETLTRNGWGCRCSDSSDPLVVAASIIGILHLILWILDRLFFKCIYRRFKYGLKRGPSTEGVPESMREEYRQEQQNAVDVDDGHFVNIELE,ionchannels,O70632
MEDLNVVDSINGAGSWLVANQALLLSYAVNIVAALAIIIVGLIIARMISNAVNRLMISRKIDATVADFLSALVRYGIIAFTLIAALGRVGVQTASVIAVLGAAGLAVGLALQGSLSNLAAGVLLVMFRPFRAGEYVDLGGVAGTVLSVQIFSTTMRTADGKIIVIPNGKIIAGNIINFSREPVRRNEFIIGVAYDSDIDQVKQILTNIIQSEDRILKDREMTVRLNELGASSINFVVRVWSNSGDLQNVYWDVLERIKREFDAAGISFPYPQMDVNFKRVKEDKAA,ionchannels,P0C0S1
MWRTPASTGPLRQDRQMFFHATLARSFINALSVRGDDDAVDRLNYYYTPLILAVCCLVISAKQYGGTPIECWVNPHSRESMEEYIESYCWIQNTYWIPMYENVPDDHTAREEKQIGYYQWVPFILIAEALMFSLPCIFWRLCSFQSGLNIQTLINAACDGQALLDASDRQKAVEAITTNFVDNLDLQSPNGRIRARGWIARIKFSRFLSGQCLSILHSFTKLLYSMNVVAQFLILNACLKSSDFLFFGFQVLNDIWAGRPWTETGHFPRVTLCDFEVRYLANLNRYTVQCALLINIINEKVFAFLWCWYMILAIITTCSFIYWIANSFIHSEKVDYVMKFIQIAESSEFKKLQKFEKDATVERLYTVIAFAPHLLDTFVSDFLKSDGVLMLRMISNHAGDMIVVQLVRNLWQEFRERNWREFEEHEEMKDVEMRRIHGGERIVISNPGQTKSFL,ionchannels,O61715
MGAQVSSQKVGAHENSNRAYGGSTINYTTINYYRDSASNAASKQDFSQDPSKFTEPIKDVLIKTAPMLNSPNIEACGYSDRVLQLTLGNSTITTQEAANSVVAYGRWPEYLRDSEANPVDQPTEPDVAACRFYTLDTVSWTKESRGWWWKLPDALRDMGLFGQNMYYHYLGRSGYTVHVQCNASKFHQGALGVFAVPEMCLAGDSNTTTMHTSYQNANPGEKGGTFTGTFTPDNNQTSPARRFCPVDYLLGNGTLLGNAFVFPHQIINLRTNNCATLVLPYVNSLSIDSMVKHNNWGIAILPLAPLNFASESSPEIPITLTIAPMCCEFNGLRNITLPRLQGLPVMNTPGSNQYLTADNFQSPCALPEFDVTPPIDIPGEVKNMMELAEIDTMIPFDLSATKKNTMEMYRVRLSDKPHTDDPILCLSLSPASDPRLSHTMLGEILNYYTHWAGSLKFTFLFCGFMMATGKLLVSYAPPGADPPKKRKEAMLGTHVIWDIGLQSSCTMVVPWISNTTYRQTIDDSFTEGGYISVFYQTRIVVPLSTPREMDILGFVSACNDFSVRLLRDTTHIEQKALAQGLGQMLESMIDNTVRETVGAATSRDALPNTEASGPTHSKEIPALTAVETGATNPLVPSDTVQTRHVVQHRSRSESSIESFFARGACVTIMTVDNPASTTNKDKLFAVWKITYKDTVQLRRKLEFFTYSRFDMELTFVVTANFTETNNGHALNQVYQIMYVPPGAPVPEKWDDYTWQTSSNPSIFYTYGTAPARISVPYVGISNAYSHFYDGFSKVPLKDQSAALGDSLYGAASLNDFGILAVRVVNDHNPTKVTSKIRVYLKPKHIRVWCPRPPRAVAYYGPGVDYKDGTLTPLSTKDLTTYGFGHQNKAVYTAGYKICNYHLATQDDLQNAVNVMWSRDLLVTESRAQGTDSIARCNCNAGVYYCESRRKYYPVSFVGPTFQYMEANNYYPARYQSHMLIGHGFASPGDCGGILRCHHGVIGIITAGGEGLVAFSDIRDLYAYEEEAMEQGITNYIESLGAAFGSGFTQQISDKITELTNMVTSTITEKLLKNLIKIISSLVIITRNYEDTTTVLATLALLGCDASPWQWLRKKACDVLEIPYVIKQGDSWLKKFTEACNAAKGLEWVSNKISKFIDWLKEKIIPQARDKLEFVTKLRQLEMLENQISTIHQSCPSQEHQEILFNNVRWLSIQSKRFAPLYAVEAKRIQKLEHTINNYIQFKSKHRIEPVCLLVHGSPGTGKSVATNLIARAIAERENTSTYSLPPDPSHFDGYKQQGVVIMDDLNQNPDGADMKLFCQMVSTVEFIPPMASLEEKGILFTSNYVLASTNSSRISPPTVAHSDALARRFAFDMDIQVMNEYSRDGKLNMAMATEMCKNCHQPANFKRCCPLVCGKAIQLMDKSSRVRYSIDQITTMIINERNRRSNIGNCMEALFQGPLQYKDLKIDIKTSPPPECINDLLQAVDSQEVRDYCEKKGWIVNITSQVQTERNINRAMTILQAVTTFAAVAGVVYVMYKLFAGHQGAYTGLPNKKPNVPTIRTAKVQGPGFDYAVAMAKRNIVTATTSKGEFTMLGVHDNVAILPTHASPGESIVIDGKEVEILDAKALEDQAGTNLEITIITLKRNEKFRDIRPHIPTQITETNDGVLIVNTSKYPNMYVPVGAVTEQGYLNLGGRQTARTLMYNFPTRAGQCGGVITCTGKVIGMHVGGNGSHGFAAALKRSYFTQSQGEIQWMRPSKEVGYPIINAPSKTKLEPSAFHYVFEGVKEPAVLTKNDPRLKTDFEEAIFSKYVGNKITEVDEYMKEAVDHYAGQLMSLDINTEQMCLEDAMYGTDGLEALDLSTSAGYPYVAMGKKKRDILNKQTRDTKEMQKLLDTYGINLPLVTYVKDELRSKTKVEQGKSRLIEASSLNDSVAMRMAFGNLYAAFHKNPGVITGSAVGCDPDLFWSKIPVLMEEKLFAFDYTGYDASLSPAWFEALKMVLEKIGFGDRVDYIDYLNHSHHLYKNKTYCVKGGMPSGCSGTSIFNSMINNLIIRTLLLKTYKGIDLDHLKMIAYGDDVIASYPHEVDASLLAQSGKDYGLTMTPADKSATFETVTWENVTFLKRFFRADEKYPFLIHPVMPMKEIHESIRWTKDPRNTQDHVRSLCLLAWHNGEEEYNKFLAKIRSVPIGRALLLPEYSTLYRRWLDSF,ionchannels,P03300
MVLRRLSRQASVKVRRSWTESKKTAQRLFVFVLELLLQFCEGEDTVDGKRKKPERLTEKPES,ionchannels,P03084
MNMSRQGIFQTVGSGLDHILSLADIEEEQMIQSVDRTAVTGASYFTSVDQSSVHTAEVGSHQVEPLRTSVDKPGSKKTQGEKFFLIHSADWLTTHALFHEVAKLDVVKLLYNEQFAVQGLLRYHTYARFGIEIQVQINPTPFQQGGLICAMVPGDQSYGSIASLTVYPHGLLNCNINNVVRIKVPFIYTRGAYHFKDPQYPVWELTIRVWSELNIGTGTSAYTSLNVLARFTDLELHGLTPLSTQMMRNEFRVSTTENVVNLSNYEDARAKMSFALDQEDWKSDPSQGGGIKITHFTTWTSIPTLAAQFPFNASDSVGQQIKVIPVDPYFFQMTNTNPDQKCITALASICQMFCFWRGDLVFDFQVFPTKYHSGRLLFCFVPGNELIDVSGITLKQATTAPCAVMDITGVQSTLRFRVPWISDTPYRVNRYTKSAHQKGEYTAIGKLIVYCYNRLTSPSNVASHVRVNVYLSAINLECFAPLYHAMDVTTQVGDDSGGFSTTVSTEQNVPDPQVGITTMKDLKGKANRGKMDVSGVQAPVGAITTIEDPVLAKKVPETFPELKPGESRHTSDHMSIYKFMGRSHFLCTFTFNSNNKEYTFPITLSSTSNPPHGLPSTLRWFFNLFQLYRGPLDLTIIITGATDVDGMAWFTPVGLAVDTPWVEKESALSIDYKTALGAVRFNTRRTGNIQIRLPWYSYLYAVSGALDGLGDKTDSTFGLVSIQIANYNHSDEYLSFSCYLSVTEQSEFYFPRAPLNSNAMLSTESMMSRIAAGDLESSVDDPRSEEDKRFESHIECRKPYKELRLEVGKQRLKYAQEELSNEVLPPPRKMKGLFSQAKISLFYTEEHEIMKFSWRGVTADTRALRRFGFSLAAGRSVWTLEMDAGVLTGRLIRLNDEKWTEMKDDKIVSLIEKFTSNKYWSKVNFPHGMLDLEEIAANSKDFPNMSETDLCFLLHWLNPKKINLADRMLGLSGVQEIKEQGVGLIAECRTFLDSIAGTLKSMMFGFHHSVTVEIINTVLCFVKSGILLYVIQQLNQDEHSHIIGLLRVMNYADIGCSVISCGKVFSKMLETVFNWQMDSRMMELRTQSFSNWLRDICSGITIFKNFKDAIYWLYTKLKDFYEVNYGKKKDILNILKDNQQKIEKAIEEADEFCILQIQDVEKFEQYQKGVDLIQKLRTVHSMAQVDPNLMVHLSPLRDCIARVHQKLKNLGSINQAMVTRCEPVVCYLYGKRGGGKSLTSIALATKICKHYGVEPEKNIYTKPVASDYWDGYSGQLVCIIDDIGQNTTDEDWSDFCQLVSGCPMRLNMASLEEKGRHFSSPFIIATSNWSNPSPKTVYVKEAIDRRLHFKVEVKPASFFKNPHNDMLNVNLAKTNDAIKDMSCVDLIMDGHNVSLMDLLSSLVMTVEIRKQNMTEFMELWSQGISDDDNDSAVAEFFQSFPSGEPSNSKLSGFFQSVTNHKWVAVGAAVGILGVLVGGWFVYKHFSRKEEEPIPAEGVYHGVTKPKQVIKLDADPVESQSTLEIAGLVRKNLVQFGVGEKNGCVRWVMNALGVKDDWLLVPSHAYKFEKDYEMMEFYFNRGGTYYSISAGNVVIQSLDVGFQDVVLMKVPTIPKFRDITQHFIKKGDVPRALNRLATLVTTVNGTPMLISEGPLKMEEKATYVHKKNDGTTVDLTVDQAWRGKGEGLPGMCGGALVSSNQSIQNAILGIHVAGGNSILVAKLVTQEMFQNIDKKIESQRIMKVEFTQCSMNVVSKTLFRKSPIYHHIDKTMINFPAAMPFSKAEIDPMAVMLSKYSLPIVEEPEDYKEASIFYQNKIVGKTQLVDDFLDLDMAITGAPGIDAINMDSSPGFPYVQEKLTKRDLIWLDENGLLLGVHPRLAQRILFNTVMMENCSDLDVVFTTCPKDELRPLEKVLESKTRAIDACPLDYSILCRMYWGPAISYFHLNPGFHTGVAIGIDPDRQWDELFKTMIRFGDVGLDLDFSAFDASLSPFMIREAGRIMSELSGTPSHFGTALINTIIYSKHLLYNCCYHVCGSMPSGSPCTALLNSIINNVNLYYVFSKIFGKSPVFFCQALKILCYGDDVLIVFSRDVQIDNLDLIGQKIVDEFKKLGMTATSADKNVPQLKPVSELTFLKRSFNLVEDRIRPAISEKTIWSLIAWQRSNAEFEQNLENAQWFAFMHGYEFYQKFYYFVQSCLEKEMIEYRLKSYDWWRMRFYDQCFICDLS,ionchannels,P08617
MVDRGPLLTSAIIFYLAIGAAIFEVLEEPHWKEAKKNYYTQKLHLLKEFPCLGQEGLDKILEVVSDAAGQGVAITGNQTFNNWNWPNAMIFAATVITTIGYGNVAPKTPAGRLFCVFYGLFGVPLCLTWISALGKFFGGRAKRLGQFLTKRGVSLRKAQITCTVIFIVWGVLVHLVIPPFVFMVTEGWNYIEGLYYSFITISTIGFGDFVAGVNPSANYHALYRYFVELWIYLGLAWLSLFVNWKVSMFVEVHKAIKKRRRRRKESFESSPHSRKALQVKGSTASKDVNIFSFLSKKEETYNDLIKQIGKKAMKTSGGGETGPGPGLGPQGGGLPALPPSLVPLVVYSKNRVPTLEEVSQTLRSKGHVSRSPDEEAVARAPEDSSPAPEVFMNQLDRISEECEPWDAQDYHPLIFQDASITFVNTEAGLSDEETSKSSLEDNLAGEESPQQGAEAKAPLNMGEFPSSSESTFTSTESELSVPYEQLMNEYNKANSPKGT,ionchannels,O95279
MVLRQLSRKASVKVSKTWSGTKKRAQRILIFLLEFLLDFCTGEDSVDGKKRQRHSGLTEQTYSALPEPKAT,ionchannels,P03086
MQDLISQVEDLAGIEIDHTTSMVMIFGIIFLTAVVVHIILHWVVLRTFEKRAIASSRLWLQIITQNKLFHRLAFTLQGIIVNIQAVFWLQKGTEAADILTTCAQLWIMMYALLSVFSLLDVILNLAQKFPAASQLPLKGIFQGIKLIGAILVGILMISLLIGQSPAILISGLGAMAAVLMLVFKDPILGLVAGIQLSANDMLKLGDWLEMPKYGADGAVIDIGLTTVKVRNWDNTITTIPTWSLVSDSFKNWSGMSASGGRRIKRSISIDVTSIRFLDEDEMQRLNKAHLLKPYLTSRHQEINEWNRQQGSTESVLNLRRMTNIGTFRAYLNEYLRNHPRIRKDMTLMVRQLAPGDNGLPLEIYAFTNTVVWLEYESIQADIFDHIFAIVEEFGLRLHQSPTGNDIRSLAGAFKQ,ionchannels,P0AAT4
MDEEEDGAGAEESGQPRSFMRLNDLSGAGGRPGPGSAEKDPGSADSEAEGLPYPALAPVVFFYLSQDSRPRSWCLRTVCNPWFERISMLVILLNCVTLGMFRPCEDIACDSQRCRILQAFDDFIFAFFAVEMVVKMVALGIFGKKCYLGDTWNRLDFFIVIAGMLEYSLDLQNVSFSAVRTVRVLRPLRAINRVPSMRILVTLLLDTLPMLGNVLLLCFFVFFIFGIVGVQLWAGLLRNRCFLPENFSLPLSVDLERYYQTENEDESPFICSQPRENGMRSCRSVPTLRGDGGGGPPCGLDYEAYNSSSNTTCVNWNQYYTNCSAGEHNPFKGAINFDNIGYAWIAIFQVITLEGWVDIMYFVMDAHSFYNFIYFILLIIVGSFFMINLCLVVIATQFSETKQRESQLMREQRVRFLSNASTLASFSEPGSCYEELLKYLVYILRKAARRLAQVSRAAGVRVGLLSSPAPLGGQETQPSSSCSRSHRRLSVHHLVHHHHHHHHHYHLGNGTLRAPRASPEIQDRDANGSRRLMLPPPSTPALSGAPPGGAESVHSFYHADCHLEPVRCQAPPPRSPSEASGRTVGSGKVYPTVHTSPPPETLKEKALVEVAASSGPPTLTSLNIPPGPYSSMHKLLETQSTGACQSSCKISSPCLKADSGACGPDSCPYCARAGAGEVELADREMPDSDSEAVYEFTQDAQHSDLRDPHSRRQRSLGPDAEPSSVLAFWRLICDTFRKIVDSKYFGRGIMIAILVNTLSMGIEYHEQPEELTNALEISNIVFTSLFALEMLLKLLVYGPFGYIKNPYNIFDGVIVVISVWEIVGQQGGGLSVLRTFRLMRVLKLVRFLPALQRQLVVLMKTMDNVATFCMLLMLFIFIFSILGMHLFGCKFASERDGDTLPDRKNFDSLLWAIVTVFQILTQEDWNKVLYNGMASTSSWAALYFIALMTFGNYVLFNLLVAILVEGFQAEEISKREDASGQLSCIQLPVDSQGGDANKSESEPDFFSPSLDGDGDRKKCLALVSLGEHPELRKSLLPPLIIHTAATPMSLPKSTSTGLGEALGPASRRTSSSGSAEPGAAHEMKSPPSARSSPHSPWSAASSWTSRRSSRNSLGRAPSLKRRSPSGERRSLLSGEGQESQDEEESSEEERASPAGSDHRHRGSLEREAKSSFDLPDTLQVPGLHRTASGRGSASEHQDCNGKSASGRLARALRPDDPPLDGDDADDEGNLSKGERVRAWIRARLPACCLERDSWSAYIFPPQSRFRLLCHRIITHKMFDHVVLVIIFLNCITIAMERPKIDPHSAERIFLTLSNYIFTAVFLAEMTVKVVALGWCFGEQAYLRSSWNVLDGLLVLISVIDILVSMVSDSGTKILGMLRVLRLLRTLRPLRVISRAQGLKLVVETLMSSLKPIGNIVVICCAFFIIFGILGVQLFKGKFFVCQGEDTRNITNKSDCAEASYRWVRHKYNFDNLGQALMSLFVLASKDGWVDIMYDGLDAVGVDQQPIMNHNPWMLLYFISFLLIVAFFVLNMFVGVVVENFHKCRQHQEEEEARRREEKRLRRLEKKRRNLMLDDVIASGSSASAASEAQCKPYYSDYSRFRLLVHHLCTSHYLDLFITGVIGLNVVTMAMEHYQQPQILDEALKICNYIFTVIFVLESVFKLVAFGFRRFFQDRWNQLDLAIVLLSIMGITLEEIEVNASLPINPTIIRIMRVLRIARVLKLLKMAVGMRALLDTVMQALPQVGNLGLLFMLLFFIFAALGVELFGDLECDETHPCEGLGRHATFRNFGMAFLTLFRVSTGDNWNGIMKDTLRDCDQESTCYNTVISPIYFVSFVLTAQFVLVNVVIAVLMKHLEESNKEAKEEAELEAELELEMKTLSPQPHSPLGSPFLWPGVEGPDSPDSPKPGALHPAAHARSASHFSLEHPTDRQLFDTISLLIQGSLEWELKLMDELAGPGGQPSAFPSAPSLGGSDPQIPLAEMEALSLTSEIVSEPSCSLALTDDSLPDDMHTLLLSALESNMQPHPTELPGPDLLTVRKSGVSRTHSLPNDSYMCRHGSTAEGPLGHRGWGLPKAQSGSVLSVHSQPADTSYILQLPKDAPHLLQPHSAPTWGTIPKLPPPGRSPLAQRPLRRQAAIRTDSLDVQGLGSREDLLAEVSGPSPPLARAYSFWGQSSTQAQQHSRSHSKISKHMTPPAPCPGPEPNWGKGPPETRSSLELDTELSWISGDLLPPGGQEEPPSPRDLKKCYSVEAQSCQRRPTSWLDEQRRHSIAVSCLDSGSQPHLGTDPSNLGGQPLGGPGSRPKKKLSPPSITIDPPESQGPRTPPSPGICLRRRAPSSDSKDPLASGPPDSMAASPSPKKDVLSLSGLSSDPADLDP,ionchannels,O43497
MLQSLAGSSCVRLVERHRSAWCFGFLVLGYLLYLVFGAVVFSSVELPYEDLLRQELRKLKRRFLEEHECLSEQQLEQFLGRVLEASNYGVSVLSNASGNWNWDFTSALFFASTVLSTTGYGHTVPLSDGGKAFCIIYSVIGIPFTLLFLTAVVQRITVHVTRRPVLYFHIRWGFSKQVVAIVHAVLLGFVTVSCFFFIPAAVFSVLEDDWNFLESFYFCFISLSTIGLGDYVPGEGYNQKFRELYKIGITCYLLLGLIAMLVVLETFCELHELKKFRKMFYVKKDKDEDQVHIIEHDQLSFSSITDQAAGMKEDQKQNEPFVATQSSACVDGPANH,ionchannels,O00180
MADNSPLIREERQRLFRPYTRAMLTAPSAQPAKENGKTEENKDNSRDKGRGANKDRDGSAHPDQALEQGSRLPARMRNIFPAELASTPLEDFDPFYKNKKTFVVVTKAGDIFRFSGEKSLWMLDPFTPIRRVAISTMVQPIFSYFIMITILIHCIFMIMPATQTTYILELVFLSIYTIEVVVKVLARGFILHPFAYLRDPWNWLDFLVTLIGYITLVVDLGHLYALRAFRVLRSWRTVTIVPGWRTIVDALSLSITSLKDLVLLLLFSLFVFAVLGLQIYMGVLTQKCVKHFPADGSWGNFTDERWFNYTSNSSHWYIPDDWIEYPLCGNSSGAGMCPPGYTCLQGYGGNPNYGYTSFDTFGWAFLSVFRLVTLDYWEDLYQLALRSAGPWHILFFIIVVFYGTFCFLNFILAVVVMSYTHMVKRADEEKAAERELKKEKKAASVANNTANGQEQTTIEMNGDEAVVIDNNDQAARQQSDPETPAPSVTQRLTDFLCVWDCCVPWQKLQGAIGAVVLSPFFELFIAVIIVLNITFMALDHHDMNIEFERILRTGNYIFTSIYIVEAVLKIIALSPKFYFKDSWNVFDFIIVVFAILELGLEGVQGLSVFRSFRLLRVFRLAKFWPTLNNFMSVMTKSYGAFVNVMYVMFLLLFIFAIIGMQLFGMNYIDNMERFPDGDLPRWNFTDFLHSFMIVFRALCGEWIESMWDCMLVGDWSCIPFFVAVFFVGNLVILNLLIALLLNNYGSFCTSPTSDEEDSKDEDALAQIVRIFKRFKPNLNAVKLSPMKPDSEDIVESQEIQGNNIADAEDVLAGEFPPDCCCNAFYKCFPSRPARDSSVQRMWSNIRRVCFLLAKNKYFQKFVTAVLVITSVLLALEDIYLPQRPVLVNITLYVDYVLTAFFVIEMIIMLFAVGFKKYFTSKWYWLDFIVVVAYLLNFVLMCAGIEALQTLRLLRVFRLFRPLSKVNGMQVVTSTLVEAVPHIFNVILVGIFFWLVFAIMGVQLFAGKFYKCVDENSTVLSHEITMDRNDCLHENYTWENSPMNFDHVGNAYLSLLQVATFKGWLQIMNDAIDSREVHKQPIRETNIYMYLYFIFFIVFGSFFILKLFVCILIDIFRQQRRKAEGLSATDSRTQLIYRRAVMRTMSAKPVKRIPKPTCHPQSLMYDISVNRKFEYTMMILIILNVAVMAIDHYGQSMEFSEVLDYLNLIFIIIFFVECVIKVSGLRHHYFKDPWNIIDFLYVVLAIAGLMLSDVIEKYFISPTLLRILRILRVGRLLRYFQSARGMRLLLLALRKALRTLFNVSFLLFVIMFVYAVFGMEFFMHIRDAGAIDDVYNFKTFGQSIILLFQLATSAGWDGVYFAIANEEDCRAPDHELGYPGNCGSRALGIAYLVSYLIITCLVVINMYAAVILDYVLEVYEDSKEGLTDDDYDMFFEVWQQFDPEATQYIRYDQLSELLEALQPPLQVQKPNKYKILSMNIPICKDDHIFYKDVLEALVKDVFSRRGSPVEAGDVQAPNVDEAEYKPVSSTLQRQREEYCVRLIQNAWRKHKQQN,ionchannels,D0E0C2
MDEEEDGAGAEESGQPRSFTQLNDLSGAGGRQGPGSTEKDPGSADSEAEGLPYPALAPVVFFYLSQDSRPRSWCLRTVCNPWFERVSMLVILLNCVTLGMFRPCEDIACDSQRCRILQAFDDFIFAFFAVEMVVKMVALGIFGKKCYLGDTWNRLDFFIVIAGMLEYSLDLQNVSFSAVRTVRVLRPLRAINRVPSMRILVTLLLDTLPMLGNVLLLCFFVFFIFGIVGVQLWAGLLRNRCFLPENFSLPLSVDLEPYYQTENEDESPFICSQPRENGMRSCRSVPTLRGEGGGGPPCSLDYETYNSSSNTTCVNWNQYYTNCSAGEHNPFKGAINFDNIGYAWIAIFQVITLEGWVDIMYFVMDAHSFYNFIYFILLIIVGSFFMINLCLVVIATQFSETKQRESQLMREQRVRFLSNASTLASFSEPGSCYEELLKYLVYILRKAARRLAQVSRAIGVRAGLLSSPVARSGQEPQPSGSCTRSHRRLSVHHLVHHHHHHHHHYHLGNGTLRVPRASPEIQDRDANGSRRLMLPPPSTPTPSGGPPRGAESVHSFYHADCHLEPVRCQAPPPRCPSEASGRTVGSGKVYPTVHTSPPPEILKDKALVEVAPSPGPPTLTSFNIPPGPFSSMHKLLETQSTGACHSSCKISSPCSKADSGACGPDSCPYCARTGAGEPESADHVMPDSDSEAVYEFTQDAQHSDLRDPHSRRRQRSLGPDAEPSSVLAFWRLICDTFRKIVDSKYFGRGIMIAILVNTLSMGIEYHEQPEELTNALEISNIVFTSLFALEMLLKLLVYGPFGYIKNPYNIFDGVIVVISVWEIVGQQGGGLSVLRTFRLMRVLKLVRFLPALQRQLVVLMKTMDNVATFCMLLMLFIFIFSILGMHLFGCKFASERDGDTLPDRKNFDSLLWAIVTVFQILTQEDWNKVLYNGMASTSSWAALYFIALMTFGNYVLFNLLVAILVEGFQAEGDATKSESEPDFFSPSVDGDGDRKKRLALVALGEHAELRKSLLPPLIIHTAATPMSHPKSSSTGVGEALGSGSRRTSSSGSAEPGAAHHEMKCPPSARSSPHSPWSAASSWTSRRSSRNSLGRAPSLKRRSPSGERRSLLSGEGQESQDEEESSEEDRASPAGSDHRHRGSLEREAKSSFDLPDTLQVPGLHRTASGRSSASEHQDCNGKSASGRLARTLRTDDPQLDGDDDNDEGNLSKGERIQAWVRSRLPACCRERDSWSAYIFPPQSRFRLLCHRIITHKMFDHVVLVIIFLNCITIAMERPKIDPHSAERIFLTLSNYIFTAVFLAEMTVKVVALGWCFGEQAYLRSSWNVLDGLLVLISVIDILVSMVSDSGTKILGMLRVLRLLRTLRPLRVISRAQGLKLVVETLMSSLKPIGNIVVICCAFFIIFGILGVQLFKGKFFVCQGEDTRNITNKSDCAEASYRWVRHKYNFDNLGQALMSLFVLASKDGWVDIMYDGLDAVGVDQQPIMNHNPWMLLYFISFLLIVAFFVLNMFVGVVVENFHKCRQHQEEEEARRREEKRLRRLEKKRRSKEKQMAEAQCKPYYSDYSRFRLLVHHLCTSHYLDLFITGVIGLNVVTMAMEHYQQPQILDEALKICNYIFTVIFVFESVFKLVAFGFRRFFQDRWNQLDLAIVLLSIMGITLEEIEVNLSLPINPTIIRIMRVLRIARVLKLLKMAVGMRALLHTVMQALPQVGNLGLLFMLLFFIFAALGVELFGDLECDETHPCEGLGRHATFRNFGMAFLTLFRVSTGDNWNGIMKDTLRDCDQESTCYNTVISPIYFVSFVLTAQFVLVNVVIAVLMKHLEESNKEAKEEAELEAELELEMKTLSPQPHSPLGSPFLWPGVEGVNSTDSPKPGAPHTTAHIGAASGFSLEHPTMVPHPEEVPVPLGPDLLTVRKSGVSRTHSLPNDSYMCRNGSTAERSLGHRGWGLPKAQSGSILSVHSQPADTSCILQLPKDVHYLLQPHGAPTWGAIPKLPPPGRSPLAQRPLRRQAAIRTDSLDVQGLGSREDLLSEVSGPSCPLTRSSSFWGGSSIQVQQRSGIQSKVSKHIRLPAPCPGLEPSWAKDPPETRSSLELDTELSWISGDLLPSSQEEPLFPRDLKKCYSVETQSCRRRPGFWLDEQRRHSIAVSCLDSGSQPRLCPSPSSLGGQPLGGPGSRPKKKLSPPSISIDPPESQGSRPPCSPGVCLRRRAPASDSKDPSVSSPLDSTAASPSPKKDTLSLSGLSSDPTDMDP,ionchannels,O54898
MVVTDSPLAPHKYVRRISKDFSTVRRYSNTPAVVVGSFRASTSAFIAAESAAHLPTCSSPTTRTPVSTPRGIRRRQRMRKRSSVSSTLSKVLILNVRDLLKAHAGSEPLKEHQPRSWIETNFQKRECIKFIPCPKDDTKCCCGQAQITHQTIPGIESGSPGDLWLPTKHTRPQPTDAYGTIEFQGGAHPTKAQYVRLSFDTRPELLVQLFTKEWNLELPKLLITVQGGKANFDLQAKLKKEIRKGLLKAAKTTGAWIFTGGTNTGVTKQVGDALLLEGQQRTGRVVSIGIAPWGIVERNHELLGHNREVPCHSISSPRSKLAVLNNRHAYFLLVDNGTQAKYGAELILRRKLEKFISNLKLHPFTHSSTPVVCLVIEGGTNTIRAVLEYVTDSPPVPVVVCDGSGRAADLLAFVHKYASDGEEQPVLESMRDYLIGTIQKTFEVGLDQSEKLYQELLQCTRNKNLITVFRIQEKPEGEAQELDQTILTALFKSQHLSPPEQLSLALTWNRVDIARSEIFVYGQEWPNGALDEAMMQALEHDRIDFVKLLLENGVSMKKFLTIPRLEELYNTKHGPANTLGYILRDVRPHIPKGYIYTLHDIGLVINKLMGGAYRSYYTRRKFRPIYAKVMNSYANACRKSSTYQYQRYAGANSLSLVTGLLPFTSEMALFEFPFNELLIWAVLTKRQQMALLMWTHGEEALAKSLVSCKLYKAMAHEAAEDDLDTEIYEELRSYAKEFESKGNKLLDFSYRQDAEKAQRLLTCELHSWSNQSCLSLAVAANHRALLAHPCSQVILADLWMGGLRTRKNTNFKVILGLAMPFYIRQLDFKSKEELQQMPQTEEEHLENQNLDNDDSDRSQPDAEALLADTYSVRDTKVHENGKVSLTDSDTAQFREFFNLSEYNEVKQHQPLRLKKKFYEFYTAPITKFWADSIAYMFFLIMFSFTVLVKMEQMPRWQEWYSIAYITTLGFEKVREIISSEPVAITHKFSVWAWNMWNPCDGAAIILFVIGLAFRFRENTMDIGRVIYCVDSIYWYLRILNILGVNKYLGPLVTMMGKMVKNMIYFVVLLAVVLMSFGVSRQAILYPNKQPTWSLIKEVTFQPYFMLYGEVFAGDIDPPCGEDPSQPGCVTGHWVTPITMSMYLLIANILLINLLIAVFNNIFNEVNSVSHQVWMFQRFTVVMEYQQKPVLPPPFIALCHFYSLLKYCVRKAKGLEVQRDNGLKLFLEKDDLERLYDFEEECVEGFFHEQEIILNQSTDERVKNTTERVETMSQKIEDINQKENIQTATVQNIEFRLRKMEESSEQILSHLAVIHRFMSTHTAGADDLRGSTINIPGEMQRMRTISISDTEGGSGPGGNGGGGGGGGAIVPLGLGAGLNLNSLQVTTRRRFNRSLTEVRPDAYIFDEGTHFEVVPLPEEPDEVVKSREALNEQVVRKASMQSEADSDIYIPVSQRPSTCETVKRTPYVTVRQDTGASTESKDTLTPMGNNDDDQTLVGGDNSDDATPDINFEAARHRALRQRTVSLCRRNSETYSLTGADINRSHISLNQLASLSRRQMSLTQSEPDSDKDAPIAQGSAHPGKSVLHAKPSRNILLKLHSEYTSITDELESVCHMIASPTVSLPSNKASLDRPKTEMSRAEAAALLEKKHLKECEENDYMILEGLIESRGSIDASAQGFEIGVSIDYSHRYPLRRETAVELSPSKPSVDGDLMGGGEGGGAGGGDSSDTSGAGSCGAMVGISSGFQLKNERPWQRNSSMEQQTYPSPLVPTRATSDFLNPPYEGRLFKKSSESLQKNSSTETDYSAHPYRFIKQSSNETNTSLTGSYNVDTPSLTAEPSLDAGDSHSATGISISVGAVGGTATARYQPIRTASVGAADGRRLREESSSSLDLSSSGPVTMQAAPAPPVRPMLLKKQFSVDQGKPSQTAAEAVPQTPEAAQAGQAKLISTLKPQPFASKLGMNVLKESSSSTDESVGSSAKSSNPALSIPQISTHLVQDEIAKLSSNIKSSTESEKDPPFNETMC,ionchannels,A8DYE2
MAQFYYKRNVNAPYRDRIPLRIVRAESELSPSEKAYLNAVEKGDYASVKKSLEEAEIYFKININCIDPLGRTALLIAIENENLELIELLLSFNVYVGDALLHAIRKEVVGAVELLLNHKKPSGEKQVPPILLDKQFSEFTPDITPIILAAHTNNYEIIKLLVQKGVSVPRPHEVRCNCVECVSSSDVDSLRHSRSRLNIYKALASPSLIALSSEDPFLTAFQLSWELQELSKVENEFKSEYEELSRQCKQFAKDLLDQTRSSRELEIILNYRDDNSLIEEQSGNDLARLKLAIKYRQKEFVAQPNCQQLLASRWYDEFPGWRRRHWAVKMVTCFIIGLLFPVFSVCYLIAPKSPLGLFIRKPFIKFICHTASYLTFLFLLLLASQHIDRSDLNRQGPPPTIVEWMILPWVLGFIWGEIKQMWDGGLQDYIHDWWNLMDFVMNSLYLATISLKIVAFVKYSALNPRESWDMWHPTLVAEALFAIANIFSSLRLISLFTANSHLGPLQISLGRMLLDILKFLFIYCLVLLAFANGLNQLYFYYEETKGLSCKGIRCEKQNNAFSTLFETLQSLFWSIFGLINLYVTNVKAQHEFTDFVGATMFGTYNVISLVVLLNMLIAMMNNSYQLIADHADIEWKFARTKLWMSYFEEGGTLPTPFNVIPSPKSLWYLVKWIWTHLCKKKMRRKPESFGTIGRRAADNLRRHHQYQEVMRNLVKRYVAAMIREAKTEEGLTEENVKELKQDISSFRFEVLGLLRGSKLSTIQSANAASSASSADSDEKSHSEGNGKDKRKNLSLFDLTTLIHPRSAVIASERHNLSNGSALVVQEPPREKQRKVNFVADIKNFGLFHRRSKQNAAEQNANQIFSVSEEITRQQAAGALERNIQLESKGLASRGDRSIPGLNEQCVLVDHRERNTDTLGLQVGKRVCSSFKSEKVVVEDTVPIIPKEKHAQEEDSSIDYDLSPTDTVAHEDYVTTRL,ionchannels,O35119
MVNPTTSEVHPTMGVKIFSAGVAACLADIITFPLDTAKVRLQIQGEGQISSTIRYKGVLGTITTLAKTEGLPKLYSGLPAGIQRQISFASLRIGLYDTVQEYFSSGKETPPTLGNRISAGLMTGGVAVFIGQPTEVVKVRLQAQSHLHGIKPRYTGTYNAYRIIATTESFSTLWKGTTPNLLRNVIINCVELVTYDLMKGALVNNQILADDVPCHLLSAFVAGFCTTFLASPADVVKTRFINSLPGQYPSVPSCAMTMLTKEGPTAFFKGFVPSFLRLASWNVIMFVCFEQLKKELSKSRQTVDCTT,ionchannels,P04575
APADNAADARPVDVSVSIFINKIYGVNTLEQTYKVDGYIVAQWTGKPRKTPGDKPLIVENTQIERWINNGLWVPALEFINVVGSPDTGNKRLMLFPDGRVIYNARFLGSFSNDMDFRLFPFDRQQFVLELEPFSYNNQQLRFSDIQVYTENIDNEEIDEWWIRKASTHISDIRYDHLSSVQPNQNEFSRITVRIDAVRNPSYYLWSFILPLGLIIAASWSVFWLESFSERLQTSFTLMLTVVAYAFYTSNILPRLPYTTVIDQMIIAGYGSIFAAILLIIFAHHRQAMGVEDDLLIQRCRLAFPLGFLAIGCVLVIRGITL,ionchannels,P0C7B7
MTGGMKPPARKPRILNSDGSSNITRLGLEKRGWLDDHYHDLLTVSWPVFITLITGLYLVTNALFALAYLACGDVIENARPGSFTDAFFFSVQTMATIGYGKLIPIGPLANTLVTLEALCGMLGLAVAASLIYARFTRPTAGVLFSSRMVISDFEGKPTLMMRLANLRIEQIIEADVHLVLVRSEISQEGMVFRRFHDLTLTRSRSPIFSLSWTVMHPIDHHSPIYGETDETLRNSHSEFLVLFTGHHEAFAQNVHARHAYSCDEIIWGGHFVDVFTTLPDGRRALDLGKFHEIAQ,ionchannels,D9N164
MFDTCGPKGVKSQVISGQRENFVRLDSMDSRYSQSSETGLNKCTLNIQGGPKRFAQGSKASSGSFKKGFRKGSEGLWSIGRSIGLGVSRAVFPEDLEVSEKKIFDPQDKFLLLCNKLFVASCILAVSVDPLFLYLPFINDKAKCVGIDRKLAIIVTTIRTVIDSFYLFHMALRFRTAYVAPSSRVFGRGELVIDPAQIAKRYLQQYFIIDLLSVLPVPQIIVWRFLYTSRGANVLATKQALRYIVLVQYIPRFLRMYPLSSELKRTAGVFAETAWAGAAYYLLLYMLASHIVGALWYLLALERNNDCWSKACHNNQNCTRNFLFCGNQNMKGYAAWDNIKVSYLQLKCPVNVPEDEEPPFDFGIYLRALSSGIVSSKNFVSKYFFCLWWGLQNLSTLGQGLETSTYPGEVIFSITLAIAGLLLFALLIGNMQTYLQSLTIRLEEMRVKRRDSEQWMHHRMLPPELRERVRRYDQYKWLETRGVDEENLVQNLPKDLRRDIKRHLCLALVRRVPLFENMDERLLDAICERLKPCLFTEKSYLVREGDPVNEMLFIIRGRLESVTTDGGRSGFYNRSLLKEGDFCGDELLTWALDPKSGSNLPSSTRTVKALTEVEAFALIADELKFVASQFRRLHSRQVQHTFRFYSQQWRTWAACFMQAAWRRYIKRKKLEQLRKEEEEEEAAAASVIAGGSPYSIRATFLASKFAANALRSVHKNRTAKSTLLLSSTKELVKFQKPPEPDFSAEDH,ionchannels,O82226
MPSHPNFIFRWIGLFSDKFRRQTTGIDENSNLQINGGDSSSSGSDETPVLSSVECYACTQVGVPAFHSTSCDQAHAPEWRASAGSSLVPIQEGSVPNPARTRFRRLKGPFGEVLDPRSKRVQRWNRALLLARGMALAVDPLFFYALSIGRTTGPACLYMDGAFAAVVTVLRTCLDAVHLWHVWLQFRLAYVSRESLVVGCGKLVWDPRAIASHYARSLTGFWFDVIVILPVPQAVFWLVVPKLIREEKVKLIMTILLLIFLFQFLPKIYHCICLMRRMQKVTGYIFGTIWWGFALNLIAYFIASHVAGGCWYVLAIQRVASCIRQQCMRTGNCNLSLACKEEVCYQFVSPTSTVGYPCLSGNLTSVVNKPMCLDSNGPFRYGIYRWALPVISSNSLAVKILYPIFWGLMTLSTFANDLEPTSNWLEVIFSIVMVLSGLLLFTLLIGNIQVFLHAVMAKKRKMQIRCRDMEWWMKRRQLPSRLRQRVRRFERQRWNALGGEDELELIHDLPPGLRRDIKRYLCFDLINKVPLFRGMDDLILDNICDRAKPRVFSKDEKIIREGDPVQRMIFIMRGRVKRIQSLSKGVLATSTLEPGGYLGDELLSWCLRRPFLDRLPPSSATFVCLENIEAFSLGSEDLRYITDHFRYKFANERLKRTARYYSSNWRTWAAVNIQMAWRRRRKRTRGENIGGSMSPVSENSIEGNSERRLLQYAAMFMSIRPHDHLE,ionchannels,O65718
MNVIQNLLSAVSPQPDGDFVDKLNYCATTIGLVLASAFITGWSFVGSPIDCWFPAYYKGWWAEYALDYCYVQNTFFVPFSEDKAERSYNWEQLVADKQNTTSLKQTNQIGYYQWVPFILALQAMLFYFPVVIWRLFYGMAGQNVTSLCNTCTATEGNEESRKGTITTIAGYISQKRHRNLIVKQLSGFQNRANGSAVITSYLFMKALFLINVLFQFVLLKRMLGVDSYFWGAEVTSDLWSGNEWPETGNFPRVTMCEYEVRNLDNIHKHSVQCVLMINMFNEKIFVALWWWLCFLTVVTITNTIYWFWRASGTSVSKNFIRPYVEDIDPKVKNNRGKLQQFVSEFLSPDTVFILRLIELNNGKTPVVELIRDMWRRFNTAVPPPYSAPPLLVKDGAPLLKNFQDESEM,ionchannels,O01634
MNNATFNCTNINPITHIRGSIIITICVSLIVILIVFGCIAKIFINKNNCTNNVIRVHKRIKCPDCEPFCNKRDDISTPRAGVDIPSFILPGLNLSEGTPN,ionchannels,P06817
MVTPKFMSDLFEGDHLELAKLTSPNGDNGIKFNEKHVAPRVLSRVFSEDYKRVKRRRRIFDPRGQTIHQWNKIFLVACLISLFVDPLFFYLPIVQDEVCIDIGIAVEVFLIIIRSIADVFYVIHIFMRFHTAYVAPSSRVFGRGELVIDSSKIASRYLHKGFFLDFIAALPLPQVLIWIVIPNLGGSTIANTKNVLRFIIIIQYLPRLFLIFPLSSQIVKATGVVTETAWAGAAYNLMLYMLASHVLGACWYLLSIERQEACWKSVCKLEESSCQFDFFDCNMVKDSLRVSWFVTSNVTNLCSPNSLFYQFGIYGDAVTSKVTTSAFFNKYFFCLWWGLRNLSSLGQGLLTSTFVGEIMFAIVIATLGLVLFALLIGNMQTYLQSTTVRLEEWRVKRTDTEQWMHHRQLPQELRQSVRKYDQYKWIATRGVDEESLLRGLPLDLRRDIKRHLCLELVRRVPLFDAMDERMLDAICERLKPALCTENTYLVREGDPVNEMLFIIRGNLDSYTTDGGRTGFFNSCRIGPGDFCGEELLTWALDPRPTMVIPSSTRTVKAISEVEAFALIAEDLKFVASQFRRLHSKQLRNKLRFHSHQWRTWAACFIQVAWRRTIQEKKGSC,ionchannels,G7JND3
MFCLWIFSLAFLHLHLCSVSSSSLEGSGFFVGWINASSLQLFASIGGCDLSPCMDEGQEGMEALYRSEEPFQCSIRASASPGRRQAGRTCVRKVPGNLAVHCHLLSENEGLEEEDLLRITVMTPRGQSSLQVNVSHGGLLTACSDWIWNTSEKHKNNVPASGLHLGISLEVPCCTSCTRFGSDSELVEEQCSALHVSVSDVLVKDYICCLTPRDKDKTLNRTETPCLYSSNSLKDSLVRGRVYQMSFEECFRWHLLVVLLMLEAQYNHSQEVHEDPSSTVKLCDYAVRIHAEKQAYSTNTDIPLLAVVDILDPVEFLWDFGDFTSARANSRTITKRYTNPGIYKLVVVASWGQMSVRSHVLSLVVQRAVKLNRLVHEPSVLQNHTVTVSCRVNVGTNLTFLWNFGDGTVRTGLSTEQHVFTRTGEFRVMVIASNLVSSASLSSYLFVVDRPCQPPPVKNLGPPNIQVRRNEVVFLGVTFESELNCNVSRELHYSWTVYDSAGLTFPLPLTNTHRQSLVLQSYTLPYGIYKAIARVQIVGSVVYSNYSVRLQVVPNSVVVVIQGGTNIYVNTKSSNEVTLDGQASYDPDFPLNPLRYSWTCQPVSTISSSCFSQSIPTSYPVLKFPTSLLKSNFDQFKFTLTVHSGERSASSEIFLTLTSHLAGKLFVHCPECQGDQVSWDQSFSVRAECEDCNVSAEFIQYSWSLFRVNASSKPVAEIPFCYTVDLNAPSAVLENASTPTPAPEMSPSHHFNADWTRFTEDSLASSSPSRIYKSKNRNSELTDSPVSSVTVGFSGSESFNGPPGVDRGSSQFSNFPGQRDMFSEFQSDPESSAEWEFTFPYLESEDLRGQRGDSRVPFPRPEEGDPGISAGRPKETDMESFPSDSDSFSHSSSNKGEGSNLVDPRPSVRLQKPGLLDLHRDSVDKSLFESYTYTGISSCFLSFRSFSLKPSSTYMLELTAKSQRRFYGQTQLFLKVKPVPKGVACQVQPVRGIELYTHFSIFCTSGREDLIYTYSFSVGGRMPRILYQGRDFLYYFSLPSGDPTDDYKVIIYTEIRSSMYGSAKKLCPVTVRVEPSFVRNASSSYSHHEPDLMISDSGLRNVSVLVQLGNIAEIYNYISLLSTILNRLSLDSQANTHALKHLRNVLICIVCKLEYSAQASPADGIFILNELLRVTSQVTVQSARWVTAHVGALSVQFSESNRSILSALVSLLSSSLQVVTSSPETSDSADSPQPLESHLVTGKSRNAFVDDADHCITDLSETTYNKQSEPVPKRLMMRLVNDLLQTTSDLMLRNFDLQKTKELQVQSDLITLCAGFLNKTSTAINCGLITFFLPASLIKMLLLHDGISAKRGFSQREQPSCVQRIGMELLHNPYEWGRYPIQLKGPVADLSLYSCKTRRKIPVHSFLQPITVELRHPQKTSSMSEYTLLRSQINYHNFSITQEHLQQAVQVTVVFTAPPHMAFPVKILFRMFERPTPSMHHLHRLLNWRNNTILLTLPPSYLSAAGVGHLALLDANFGKTPTRRHLAEQISYSLTVESSLCLSWEDQQGSWTQNGCRAQTNDKTSAVNCSCHHLKPLKVLQQQIQSSHFRADLDQFLSVSRDLTVVFVLLLCVSLNIPVLVWCKKTDATSEENNRAHFLPDNSATDQHFYAVTVHTGLCSAARMSARVYVVLHGEDGCSQTKELHVPGCTLFRRNSQNTFILSVADSLGSVQGVHIWHNNSGPSPEWYLKQVQVSELMPGHMEGRSWQFISQCWLAVNKGDGQVERMLRVSTHGLTFSKMLFLKLFEYMPDYHIWMSVYTCPSPHLFTRAQRLCVCLLLFLGYACVNIIITHQRDDQLPFDLGVIDVTSVSIATGLVSVVAVLPVAMVISFLFRVKSGRMTLENYDNVFSKRPSGKTKYQDTDFLSVSTTNLENKDADDKEAVTPQRNKRRKDSVSFESIHELLFQEVLQVSRRRSLFLKKSKGNDSELSPQSSEFCGALKATKNEAQSVRVKRRYRLASLLYHCVAWTLCLLFCLSCLILSAVLGTRLNSGKILHWIHSLFVSLTFCFFVIHPATILVLAAVVSWRFKRSQDFHCFFNKMNSHLEDLKHQDPDQLRPSAFTRTRAPNAEKILEARQRARYLRRVHPPTRAELRKTRTKRKKQAVIHKMLRDLCLCGSMFFLMVCITYGSPVDEHYPLNAAFRRHFIRAHGDDFMSIKKYEDWWKWAQTSLLSSLYYNESENPQMSFISIGAPLVQKTEVCGTFHSQVSMVTPPRPRYHTGSSSKQEVTVGLGYTRSEGASKLRLLHLSGWLSEQTVALKVQFSLYSPAPNLFSSVTLLSEQSSTGLLQSSATVQSVRLYHSPSMLDYTVMVWQLLFLLLSLVNLYHQTSTAAQHGLMGYWKTTSISVEVSLVIVSLVYYVHYVYHPTMVMEVAEQLRRNHREHVDVSTLANSEQFSRTLRGIILFLLAVKCVTVVRLNRILAPSMPLLSLSSLLWPAISGLLLLSIFSCMGRLLYIERTFHSIQTVLWHFWSLRKSRDLISLWRDFYYFGLLYASSAMLTTMVFAVMIRKAKRSPSTKNDPTIREVLGCISQKFTGMKTQIPDCHTQKTYFLEECESLVDELLFKLNALSNSLHHTLPPKLHTYTDKDSPDASSTTELCKERLQDLVRSLSVGQGEAALTFPHDRSLLELQEEEEVKHQEGRCSVGCKESRLPETLWTADYRESMDEHWTEKKSSNGLGGATYSHVVVVEALVHHEQGTKN,ionchannels,E7FKV8
MKPRSGLEEAQRRQASDIRVFASSCTMHGLGHIFGPGGLTLRRGLWATAVLLSLAAFLYQVAERVRYYGEFHHKTTLDERESHQLTFPAVTLCNINPLRRSRLTPNDLHWAGTALLGLDPAEHAAYLRALGQPPAPPGFMPSPTFDMAQLYARAGHSLEDMLLDCRYRGQPCGPENFTVIFTRMGQCYTFNSGAHGAELLTTPKGGAGNGLEIMLDVQQEEYLPIWKDMEETPFEVGIRVQIHSQDEPPAIDQLGFGAAPGHQTFVSCQQQQLSFLPPPWGDCNTASLDPDDFDPEPSDPLGSPRPRPSPPYSLIGCRLACESRYVARKCGCRMMHMPGNSPVCSPQQYKDCASPALDAMLRKDTCVCPNPCATTRYAKELSMVRIPSRASARYLARKYNRSESYITENVLVLDIFFEALNYEAVEQKAAYEVSELLGDIGGQMGLFIGASLLTILEILDYLCEVFQDRVLGYFWNRRSAQKRSGNTLLQEELNGHRTHVPHLSLGPRPPTTPCAVTKTLSASHRTCYLVTRL,ionchannels,O35240
MGLKARRAAGAAGGGGGEGGGGGGGAANPAGGDSAVAGDEERKVGLAPGDVEQVTLALGTGADKDGTLLLEGGGREEGQRRTPQGIGLLAKTPLSRPVKRNNAKYRRIQTLIYDALERPRGWALLYHALVFLIVLGCLILAVLTTFKEYETVSGDWLLLLETFAIFIFGAEFALRIWAAGCCCRYKGWRGRLKFARKPLCMLDIFVLIASVPVVAVGNQGNVLATSLRSLRFLQILRMLRMDRRGGTWKLLGSAICAHSKELITAWYIGFLTLILSSFLVYLVEKDVPEMDAQGEEMKEEFETYADALWWGLITLATIGYGDKTPKTWEGRLIAATFSLIGVSFFALPAGILGSGLALKVQEQHRQKHFEKRRKPAAELIQAAWRYYATNPNRLDLVATWRFYESVVSFPFFRKEQLEAAASQKLGLLDRVRLSNPRGSNTKGKLFTPLNVDAIEESPSKEPKPVGLNNKERFRTAFRMKAYAFWQSSEDAGTGDPMTEDRGYGNDFLIEDMIPTLKAAIRAVRILQFRLYKKKFKETLRPYDVKDVIEQYSAGHLDMLSRIKYLQTRIDMIFTPGPPSTPKHKKSQKGSAFTYPSQQSPRNEPYVARAATSETEDQSMMGKFVKVERQVHDMGKKLDFLVDMHMQHMERLQVHVTEYYPTKGASSPAEGEKKEDNRYSDLKTIICNYSESGPPDPPYSFHQVPIDRVGPYGFFAHDPVKLTRGGPSSTKAQANLPSSGSTYAERPTVLPILTLLDSCVSYHSQTELQGPYSDHISPRQRRSITRDSDTPLSLMSVNHEELERSPSGFSISQDRDDYVFGPSGGSSWMREKRYLAEGETDTDTDPFTPSGSMPMSSTGDGISDSIWTPSNKPT,ionchannels,O88944
MKRQNIRTLSLIVCTLTYLLVGAAVFDALETENEILQRKLVQRVREKLKTKYNMSNADYEILEATIVKSVPHKAGYQWKFSGAFYFATTVITTIGYGHSTPMTDAGKVFCMLYALAGIPLGLIMFQSIGERMNTFAAKLLRFIRRAAGKQPIVTSSDLIIFCTGWGGLLIFGGAFMFSSYENWTYFDAVYYCFVTLTTIGFGDYVALQKRGSLQTQPEYVFFSLVFILFGLTVISAAMNLLVLRFLTMNTEDERRDEQEAILAAQGLVRVGDPTADDDFGRLPLSDNVSLASCSCYQLPDEKLRHRHRKHTEPHGGPPTFSGMTTRPKY,ionchannels,O17185
MAQEQGHFQLLRADAIRSKLIDTFSLIEHLQGLSQAVPRHTLREILDPSYQQKLMSGDQEQLVRFSIKPRRMGHITHSRRLLSRLRVRCSRMPPLSLWAGWVLDSSVFSKFIISLIFLNTFVLMVEIELMESTNTALWPVKLALEVADWFILLSFIVEILLMWLASFSLFWKDAWNVFDFFVTLLSLLPELVVLLGVPAHSVWLQLLRVCRVLRSLKLFARFRQIKVILLALVRALKSMTFLLMLLLIFFYIFAVTGVYFFREYSRSTIEGLEYNMFFSDLLNSLVTVFILFTLDHWYAVLQDIWKVPESSRVFSSIYVILWLLLGSIIFRNIIVAMMVTNFQNIRSELSEEMSHLEVQYKADMFKQQIIQRRQHSESLRGTSLGKVSEDIIETSDASDDDDDDDDDDDDDDDDDDDKSDATESDNEESDSENSESENSESEKIDPEKDYAKKSYPEKSHPEKSYPEKSHPEKSYPEKSHPKKSYDEQAEAEKVKEESKEKAYPVSHSISSHGSTAADTAFLENLDWETLVHENLPGLMDMDQDDRIVWPRDSLFRYFELLEKLQYNLEERKKLQEFAVQALMSFEDK,ionchannels,A2ARP9
MKRQNVRTLALIVCTFTYLLVGAAVFDALESEPEMIERQRLELRQLELRARYNLSEGGYEELERVVLRLKPHKAGVQWRFAGSFYFAITVITTIGYGHAAPSTDGGKVFCMFYALLGIPLTLVMFQSLGERINTFVRYLLHRAKRGLGMRHAEVSMANMVLIGFVSCISTLCIGAAAFSYYERWTFFQAYYYCFITLTTIGFGDYVALQKDQALQTQPQYVAFSFVYILTGLTVIGAFLNLVVLRFMTMNAEDEKRDAEHRALLTHNGQAVGLGGLSCLSGSLGDGVRPRDPVTCAAAAGGVGVGVGGSGFRNVYAEVLHFQSMCSCLWYKSREKLQYSIPMIIPRDLSTSDTCVEHSHSSPGGGGRYSDTPSHPCLCSGTQRSAISSVSTGLHSLAAFRGLMKRRSSV,ionchannels,O35111
MGLQSAAAHFINRFIIWITIFMVACFLLRLLVVLDLNKRVYNHTPGPCRVLTDNYKGTAGMTYVESQKRVYITLGYGRAHDLKTKTGIAFYKTNRTDGRSQQEMYDLIEMTINWNGYEYKKEFIPTGIDSYSSSNGRVLLYVINAHPNHQCIHFFQIVESSKLNHRKAICDPSFSSLQDIAVVGPDRLFVTNMAAFGRGWAQILEFSLQTGQGAVYYYDGSKLSTAASSLIAPTGIGYDAKRRILYVGSMIRESIFAYKVAKDTTLELLYEMMLLTSPIGVFVESKTGDIWIAAHPVIHESAWHYTHPENQNIHSPSQILRIRIQEEGNSWVTTEPYANDGATISASSSVVFTDEQMLIGSSFGRLLHCDLTHSYIT,ionchannels,O01811
MPVRRGHVAPQNTFLDTIIRKFEGQSRKFIIANARVENCAVIYCNDGFCELCGYSRAEVMQRPCTCDFLHGPRTQRRAAAQIAQALLGAEERKVEIAFYRKDGSCFLCLVDVVPVKNEDGAVIMFILNFEVVMEKDMVGSPAHDTNHRGPSTSWLASGRAKTFRLKLPALLALTARESPMRTGSTGSPGAPGAVVVDVDLTPAAPSSESLALDEVSAMDNHVAGLGPAEERRALVGPASASPVASIPGPHPSPRAQSLNPDASGSSCSLARTRSRESCASVRRASSADDIEAMRAGALPLPPRHASTGAMHPLRSGLLNSTSDSDLVRYRTISKIPQITLNFVDLKGDPFLASPTSDREIIAPKIKERTHNVTEKVTQVLSLGADVLPEYKLQAPRIHRWTILHYSPFKAVWDWLILLLVIYTAVFTPYSAAFLLKETEDGSQAPDCGYACQPLAVVDLLVDIMFIVDILINFRTTYVNANEEVVSHPGRIAVHYFKGWFLIDMVAAIPFDLLIFGSGSEELIGLLKTARLLRLVRVARKLDRYSEYGAAVLFLLMCTFALIAHWLACIWYAIGNMEQPHMDSHIGWLHNLGDQIGKPYNSSGLGGPSIKDKYVTALYFTFSSLTSVGFGNVSPNTNSEKIFSICVMLIGSLMYASIFGNVSAIIQRLYSGTARYHTQMLRVREFIRFHQIPNPLRQRLEEYFQHAWSYTNGIDMNAVLKGFPECLQADICLHLNRSLLQHCKPFRGATKGCLRALAMKFKTTHAPPGDTLVHAGDLLTALYFISRGSIEILRGDVVVAILGKNDIFGEPLNLYARPGKSNGDVRALTYCDLHKIHRDDLLEVLDMYPEFSDHFWSSLEITFNLRDTNMIPGSPSSAELESGFNRQRKRKLSFRRRTDKDTEQPGEVSALGQGPARVGPGPSCRGQPGGPWGESPSSGPSSPESSEDEGPGRSSSPLRLVPFSSPRPPGDSPGGEPLTEDGEKSSDTCNPLSGAFSGVSNIFSFWGDSRGRQYQELPRCPAPAPSLLNIPLSSPGRRSRGDVESRLDALQRQLNRLETRLSADMATVLQLLQRQMTLVPPAYSAVTTPGPGPTSTSPLLPVGPVPTLTLDSLSQVSQFVAFEELPAGAPELPQDGPTRRLSLPGQLGALTSQPLHRHGSDPGS,ionchannels,O08962
MEGGGKPNSASNSRDDGNSVFPSKAPATGPVAADKRLGTPPGGGAAGKEHGNSVCFKVDGGGGEEPAGSFEDAEGPRRQYGFMQRQFTSMLQPGVNKFSLRMFGSQKAVEKEQERVKTAGFWIIHPYSDFRFYWDLIMLIMMVGNLVIIPVGITFFTEQTTTPWIIFNVASDTVFLLDLIMNFRTGTVNEDSSEIILDPKVIKMNYLKSWFVVDFISSIPVDYIFLIVEKGMDSEVYKTARALRIVRFTKILSLLRLLRLSRLIRYIHQWEEIFHMTYDLASAVVRIFNLIGMMLLLCHWDGCLQFLVPLLQDFPPDCWVSLNEMVNDSWGKQYSYALFKAMSHMLCIGYGAQAPVSMSDLWITMLSMIVGATCYAMFVGHATALIQSLDSSRRQYQEKYKQVEQYMSFHKLPADMRQKIHDYYEHRYQGKIFDEENILSELNDPLREEIVNFNCRKLVATMPLFANADPNFVTAMLSKLRFEVFQPGDYIIREGAVGKKMYFIQHGVAGVITKSSKEMKLTDGSYFGEICLLTKGRRTASVRADTYCRLYSLSVDNFNEVLEEYPMMRRAFETVAIDRLDRIGKKNSILLQKFQKDLNTGVFNNQENEILKQIVKHDREMVQAIPPINYPQMTALNCTSSTTTPTSRMRTQSPPVYTATSLSHSNLHSPSPSTQTPQPSAILSPCSYTTAVCSPPIQSPLATRTFHYASPTASQLSLMQQPQQQLPQSQVQQTQTQTQQQQQQQQQQQQQQQQQQQQQQQQQQQQQQQQQQQQQPQTPGSSTPKNEVHKSTQALHNTNLTKEVRPLSASQPSLPHEVSTLISRPHPTVGESLASIPQPVAAVHSTGLQAGSRSTVPQRVTLFRQMSSGAIPPNRGVPPAPPPPAAVQRESPSVLNTDPDAEKPRFASNL,ionchannels,O88704
MIAELFTNNALNLVIIFGSCAALILMSFWFRRGNRKRKGFLFHAVQFLIYTIIISAVGSIINYVIENYKLKFITPGVIDFICTSLIAVILTIKLFLLINQFEKQQIKKGRDITSARIMSRIIKITIIVVLVLLYGEHFGMSLSGLLTFGGIGGLAVGMAGKDILSNFFSGIMLYFDRPFSIGDWIRSPDRNIEGTVAEIGWRITKITTFDNRPLYVPNSLFSSISVENPGRMTNRRITTTIGLRYEDAAKVGVIVEAVREMLKNHPAIDQRQTLLVYFNQFADSSLNIMVYCFTKTTVWAEWLAAQQDVYLKIIDIVQSHGADFAFPSQTLYMDNITPPEQGR,ionchannels,P0AEB5
MTITYTSQVANARLGSFSRLLLCWRGSIYKLLYGEFLIFLLCYYIIRFIYRLALTEEQQLMFEKLTLYCDSYIQLIPISFVLGFYVTLVVTRWWNQYENLPWPDRLMSLVSGFVEGKDEQGRLLRRTLIRYANLGNVLILRSVSTAVYKRFPSAQHLVQAGFMTPAEHKQLEKLSLPHNMFWVPWVWFANLSMKAWLGGRIRDPILLQSLLNEMNTLRTQCGHLYAYDWISIPLVYTQVVTVAVYSFFLTCLVGRQFLNPAKAYPGHELDLVVPVFTFLQFFFYVGWLKVAEQLINPFGEDDDDFETNWIVDRNLQVSLLAVDEMHQDLPRMEPDMYWNKPEPQPPYTAASAQFRRASFMGSTFNISLNKEEMEFQPNQEDEEDAHAGIIGRFLGLQSHDHHPPRANSRTKLLWPKRESLLHEGLPKNHKAAKQNVRGQEDNKAWKLKAVDAFKSAPLYQRPGYYSAPQTPLSPTPMFFPLEPSAPSKLHSVTGIDTKDKSLKTVSSGAKKSFELLSESDGALMEHPEVSQVRRKTVEFNLTDMPEIPENHLKEPLEQSPTNIHTTLKDHMDPYWALENRDEAHS,ionchannels,O76090
MPVRRGHVAPQNTFLGTIIRKFEGQNKKFIIANARVQNCAIIYCNDGFCEMTGFSRPDVMQKPCTCDFLHGPETKRHDIAQIAQALLGSEERKVEVTYYHKNGSTFICNTHIIPVKNQEGVAMMFIINFEYVTDEDNAASPERVNPILPVKSVNRKLFGFKFPGLRVLTYRKQSLPQEDPDVVVIDSSKHSDDSVAMKHFKSPTKESCSPSEADDTKALIQPSQCSPLVNISGPLDHSSPKRQWDRLYPDMLQSSSQLTHSRSRESLCSIRRASSVHDIEGFNVHPKNIFRDRHASEDNGRNVKGPFNHIKSSLLGSTSDSNLNKYSTINKIPQLTLNFSDVKTEKKNTSPPSSDKTIIAPKVKERTHNVTEKVTQVLSLGADVLPEYKLQTPRINKFTILHYSPFKAVWDWLILLLVIYTAIFTPYSAAFLLNDREEQKRRECGYSCSPLNVVDLIVDIMFIIDILINFRTTYVNQNEEVVSDPAKIAVHYFKGWFLIDMVAAIPFDLLIFGSGSDETTTLIGLLKTARLLRLVRVARKLDRYSEYGAAVLMLLMCIFALIAHWLACIWYAIGNVERPYLTDKIGWLDSLGTQIGKRYNDSDSSSGPSIKDKYVTALYFTFSSLTSVGFGNVSPNTNSEKIFSICVMLIGSLMYASIFGNVSAIIQRLYSGTARYHMQMLRVKEFIRFHQIPNPLRQRLEEYFQHAWTYTNGIDMNMVLKGFPECLQADICLHLNQTLLQNCKAFRGASKGCLRALAMKFKTTHAPPGDTLVHCGDVLTALYFLSRGSIEILKDDIVVAILGKNDIFGEMVHLYAKPGKSNADVRALTYCDLHKIQREDLLEVLDMYPEFSDHFLTNLELTFNLRHESAKSQSINDSEGDTCKLRRRRLSFESEGDKDFSKENSANDADDSTDTIRRYQSSKKHFEEKKSRSSSFISSIDDEQKPLFLGTVDSTPRMVKASRHHGEEAAPPSGRIHTDKRSHSCKDITDTHSWEREHARAQPEECSPSGLQRAAWGISETESDLTYGEVEQRLDLLQEQLNRLESQMTTDIQAILQLLQKQTTVVPPAYSMVTAGAEYQRPILRLLRTSHPRASIKTDRSFSPSSQCPEFLDLEKSKLKSKESLSSGKRLNTASEDNLTSLLKQDSDASSELDPRQRKSYLHPIRHPSLPDSSLSTVGILGLHRHVSDPGLPGK,ionchannels,O54852
MPRHKLIASESDVSIEVDEGKDKESCVYYVEVEENCERGKIKQASRDGKRRRERNGETRRKASEKRTNEGESKKAEKKHEKGHRTARKAGEKHGKRQRRKNAGEEDAEDKSSKEKKNMKNEKNKTLKLEEEKEKDVRKKKRKHVKNEEDETNHEKTKQHLKEEKRRKKRKKPETTSESESKSESESASESESKNSPAVGVLGSLTPEELENLKEAVEERKKLITQLKGKPWPMRRKLVVLRESQEFVEKYEGALGKGKGRKLYAYKVMMMKKWMKFQRDFENFKTACIPWEMKIKEIESHFGSSVASYFIFLRWMYGINMILFGLTFGLVMVPEALMGKPYGSLPRKTVPREEEASAMNFAVLWDFGGYAKYSVLFYGYYNSQRAIGWLKFRMPLSYFLVGVGTVAYSYMVVIRTMARNANEEGGGDDTSFNFSWKTFTSWDYLIGNPETADNKFASITTSFKEAIVEEQESRKDDNIHLTRFLRVLANFLVLCCLAGSGYLIYFVVRRSQKFALEGLENYGWWERNEVNMVMSLLGMFCPMLFDVISTLENYHPRIALQWQLGRIFALFLGNLYTFIIALMDAIQLKRAEEEIVKKNMTIWQANLYNGTVPDNSTAPPLTVHPADVPRGPCWETMVGQEFVRLIISDTMTTYITLLIGDFMRAVLVRFLNNCWCWDLEYGFPSYSEFDVSGNVLGLIFNQGMIWMGAFYAPCLPALNLLRLHVSMYLQCWAVMCCNVPQERVFKASGSNNFYMAMLLVILFLSTLPAIYTIVSIPPSFDCGPFSGKPRMFDVIQETLETDFPAWFSKVFSYASNPGLVLPFLLLLVLAIYYLQSTSKTYKRVNMELKKKLQAQNEENKKKNKLAALKAASDLEQARKAGEQRRNSISDLGVNEENPESHVSSSHTSRPPASRGHTSSGHLPGHPQQPQKNSKKR,ionchannels,F1QFU0
MVQKSRNGGVYPGPSGEKKLKVGFVGLDPGAPDSTRDGALLIAGSEAPKRGSILSKPRAGGAGAGKPPKRNAFYRKLQNFLYNVLERPRGWAFIYHAYVFLLVFSCLVLSVFSTIKEYEKSSEGALYILEIVTIVVFGVEYFVRIWAAGCCCRYRGWRGRLKFARKPFCVIDIMVLIASIAVLAAGSQGNVFATSALRSLRFLQILRMIRMDRRGGTWKLLGSVVYAHSKELVTAWYIGFLCLILASFLVYLAEKGENDHFDTYADALWWGLITLTTIGYGDKYPQTWNGRLLAATFTLIGVSFFALPAGILGSGFALKVQEQHRQKHFEKRRNPAAGLIQSAWRFYATNLSRTDLHSTWQYYERTVTVPMYSSQTQTYGASRLIPPLNQLELLRNLKSKSGLAFRKDPPPEPSPSKGSPCRGPLCGCCPGRSSQKVSLKDRVFSSPRGVAAKGKGSPQAQTVRRSPSADQSLEDSPSKVPKSWSFGDRSRARQAFRIKGAASRQNSEEASLPGEDIVDDKSCPCEFVTEDLTPGLKVSIRAVCVMRFLVSKRKFKESLRPYDVMDVIEQYSAGHLDMLSRIKSLQSRVDQIVGRGPAITDKDRTKGPAEAELPEDPSMMGRLGKVEKQVLSMEKKLDFLVNIYMQRMGIPPTETEAYFGAKEPEPAPPYHSPEDSREHVDRHGCIVKIVRSSSSTGQKNFSAPPAAPPVQCPPSTSWQPQSHPRQGHGTSPVGDHGSLVRIPPPPAHERSLSAYGGGNRASMEFLRQEDTPGCRPPEGNLRDSDTSISIPSVDHEELERSFSGFSISQSKENLDALNSCYAAVAPCAKVRPYIAEGESDTDSDLCTPCGPPPRSATGEGPFGDVGWAGPRK,ionchannels,O43526
MPPMLSGLLARLVKLLLGRHGSALHWRAAGAATVLLVIVLLAGSYLAVLAERGAPGAQLITYPRALWWSVETATTVGYGDLYPVTLWGRLVAVVVMVAGITSFGLVTAALATWFVGREQERRGHFVRHSEKAAEEAYTRTTRALHERFDRLERMLDDNRR,ionchannels,P0A333
MTEGTLAADEVRVPLGASPSAPAAPVRASPASPGVPGREEQRGSGSSVLAPESPGTECGADLGADEEQPVPYPALAATVFFCLGQTTRPRSWCLRLVSRRWFEHISMLVIMLNCVTLGMFRPCEDVECRSERCSILEAFDDFIFAFFAVEMVIKMVALGLFGQKCYLGDTWNRLDFFIVMAGMMEYSLDGHNVSLSAIRTVRVLRPLRAINRVPSMRILVTLLLDTLPMLGNVLLLCFFVFFIFGIVGVQLWAGLLRNRCFLDSAFVRNNNLTFLRPYYQTEEGEENPFICSSRRDNGMQKCSHIPSRRELRVQCTLGWEAYGQPQAEDGGAGRNACINWNQYYNVCRSGEFNPHNGAINFDNIGYAWIAIFQVITLEGWVDIMYYVMDAHSFYNFIYFILLIIVGSFFMINLCLVVIATQFSETKQRENQLMREQRARYLSNDSTLASFSEPGSCYEELLKYVGHIFRKVKRRSLRLYARWQSRWRKKVDPSSTLHGQGPRRRPRRAGRRTASVHHLVYHHHHHHHHHYHFSHGGPRRPSPEPGAGDTRLVRACVPPSPPSPGHGPPDSESVHSIYHADCHVEGPQERARVAHTIATAASLKLASGLGTMNYPTILPSGAVNSKGSTSSRPKGLRSAGTPGATAHSPLSLGSPSPYEKIQHVVGEQGLGRASSHLSGLSVPCPLPSPQAGTLTCELKSCPYCASALEDPEFEFSGSESGDSDAHGVYEFTQDVRHGDCRDPVQQPHEGGTPGHGNERWRPPLRTASQPGGLGRLWASFSSKLRRIVDSKYFNRGIMAAILVNTLSMGVEYHEQPDELTNALEISNIVFTSMFALEMLLKLLACGPLGYIRNPYNIFDGIVVIISVWEIVGQADGGLSVLRTFRLLRVLKLVRFLPALRRQLVVLMRTMDNVATFCMLLMLFIFIFSILGMHLFGCKFSLKTDSGDTVPDRKNFDSLLWAIVTVFQILTQEDWNVVLYNGMASTSSWAALYFVALMTFGNYVLFNLLVAILVEGFQAEGDATRSDTDEDKTSTHLEEDFDKLRDVQATEMKMYSLAVTPNGHLEGRGSLPPPLITHTAATPMPTPKSSPHLDMAHTLLDSRRSSSGSVDPQLGDQKSLASLRSSPCAPWGPNSAGSSRRSSWNSLGRAPSLKRRSQCGERESLLSGEGKGSTDDEAEDSRPNSGTHPGASPGPRATPLRRAESLGHRSTMDLCPPRPATLLPTKFRDCNGQMVALPSEFFLRIDSHKEDAAEFDDDIEDSCCFRLHKVLEPYAPQWCSSRESWALYLFPPQNRLRVSCQKVIAHKMFDHVVLVFIFLNCITIALERPDIDPGSTERAFLSVSNYIFTAIFVVEMMVKVVALGLLWGEHAYLQSSWNVLDGLLVLVSLVDIIVAVASAGGAKILGVLRVLRLLRTLRPLRVISRAPGLKLVVETLISSLRPIGNIVLICCAFFIIFGILGVQLFKGKFYYCEGTDTRNITTKAECHAAHYRWVRRKYNFDNLGQALMSLFVLSSKDGWVNIMYDGLDAVGIDQQPVQNHNPWMLLYFISFLLIVSFFVLNMFVGVVVENFHKCRQHQEAEEARRREEKRLRRLERRRRSTFPNPEAQRRPYYADYSHTRRSIHSLCTSHYLDLFITFIICLNVITMSMEHYNQPKSLDEALKYCNYVFTIVFVFEAALKLVAFGFRRFFKDRWNQLDLAIVLLSIMGIALEEIEMNAALPINPTIIRIMRVLRIARVLKLLKMATGMRALLDTVVQALPQVGNLGLLFMLLFFIYAALGVELFGRLECSEDNPCEGLSRHATFTNFGMAFLTLFRVSTGDNWNGIMKDTLRECTREDKHCLSYLPALSPVYFVTFVLVAQFVLVNVVVAVLMKHLEESNKEAREDAEMDAEIELEIAQGSTAQPPSTAQESQGTEPDTPNLLVVRKVSVSRMLSLPNDSYMFRPVAPAAAPHSHPLQEVEMETYTGPVTSAHSPSLEPRTSFQVPSAASSPARVSDPLCALSPRDTPRSLSLSRILCRQEAMHAESLEGQIDDAGEDSIPDYTEPAENISMSQAPLGTLRSPPCSPRPASVRTRKHTFGQHCISSRPPTLGGDDAEAADPADEEVSHITSSAHPWPATEPHSPEASPTASPAKGTVGSGRDPHRFCSVDAQSFLDKPGRPDAQRWSSVELDNGDGHLESGEVRARASELEPALGARRKKKMSPPCISIDPPTEDEGSSRPPAAEGGNTTLRRRTPSCEAALHRDCPESTEGPGTGGDPVAKGERWGQASCRAEHLTVPNFAFEPLDMGGPGGDCFLDSDQSVTPEPRVSSLGAIVPLILETELSMPSGDPPEKEQGLYLTVPQTPLKKPGSPPATPAPDDSGDEPV,ionchannels,O88427
MGAPPGYRPSAWVHLLHQLPRADFQLRPVPSGFAPRDQEYQQALLLVAALAGLGLGLSLIFIAVYLIRFCCCRPPEPPGAKSPPPGGGCVTWSCIAALLVGCAGIGIGFYGNSETSDGVSQLSSALQHANHTLSTIDDLVLETVERLGEAVRTELTTLEEVLSERVELVAATRGARRQAEAAAQHLQGLAFWQGVSLSPVQVAEDVTFVEEYRWLAYVLLLLLVLLVCLFTLLGLAKQSKWLVVVMTAMSLLVLVLSWGSMGLEAATAVGLSDFCSNPDTYVLNLTQEETGISSDILNYYFLCNQAVSNPFQQRLTLSQRALASIHSQLQGLEREASPQFPAAQKPLLSLEETLNVTERSFHQLVALLHCRSLHKDYGSALRGLCEDALEGLLFLMLFSLLSAGALATTLCSLPRAWALFPPSDDYDDTDDDDPFNPQESKRFVQWQSSI,ionchannels,P0C5X8
MEPHVLGAGLYWLLLPCTLLAASLLRFNALSLVYLLFLLLLPWLPGPSRHSIPGHTGRLLRALLCLSLLFLVAHLAFQICLHTVPHLDQFLGQNGSLWVKVSQHIGVTRLDLKDIFNTTRLVAPDLGVLLASSLCLGLCGRLTRKAGQSRRTQELQDDDDDDDDDDEDIDAAPAVGLKGAPALATKRRLWLASRFRVTAHWLLMTSGRTLVIVLLALAGIAHPSAFSSIYLVVFLAICTWWSCHFPLSPLGFNTLCVMVSCFGAGHLICLYCYQTPFIQDMLPPGNIWARLFGLKNFVDLPNYSSPNALVLNTKHAWPIYVSPGILLLLYYTATSLLKLHKSCPSELRKETPREDEEHELELDHLEPEPQARDATQGEMPMTTEPDLDNCTVHVLTSQSPVRQRPVRPRLAELKEMSPLHGLGHLIMDQSYVCALIAMMVWSIMYHSWLTFVLLLWACLIWTVRSRHQLAMLCSPCILLYGLTLCCLRYVWAMELPELPTTLGPVSLHQLGLEHTRYPCLDLGAMLLYLLTFWLLLRQFVKEKLLKKQKVPAALLEVTVADTEPTQTQTLLRSLGELVTGIYVKYWIYVCAGMFIVVSFAGRLVVYKIVYMFLFLLCLTLFQVYYTLWRKLLRVFWWLVVAYTMLVLIAVYTFQFQDFPTYWRNLTGFTDEQLGDLGLEQFSVSELFSSILIPGFFLLACILQLHYFHRPFMQLTDLEHVPPPGTRHPRWAHRQDAVSEAPLLEHQEEEEVFREDGQSMDGPHQATQVPEGTASKWGLVADRLLDLAASFSAVLTRIQVFVRRLLELHVFKLVALYTVWVALKEVSVMNLLLVVLWAFALPYPRFRPMASCLSTVWTCIIIVCKMLYQLKIVNPHEYSSNCTEPFPNNTNLQPLEINQSLLYRGPVDPANWFGVRKGYPNLGYIQNHLQILLLLVFEAVVYRRQEHYRRQHQQAPLPAQAVCADGTRQRLDQDLLSCLKYFINFFFYKFGLEICFLMAVNVIGQRMNFMVILHGCWLVAILTRRRREAIARLWPNYCLFLTLFLLYQYLLCLGMPPALCIDYPWRWSKAIPMNSALIKWLYLPDFFRAPNSTNLISDFLLLLCASQQWQVFSAERTEEWQRMAGINTDHLEPLRGEPNPIPNFIHCRSYLDMLKVAVFRYLFWLVLVVVFVAGATRISIFGLGYLLACFYLLLFGTTLLQKDTRAQLVLWDCLILYNVTVIISKNMLSLLSCVFVEQMQSNFCWVIQLFSLVCTVKGYYDPKEMMTRDRDCLLPVEEAGIIWDSICFFFLLLQRRIFLSHYFLHVSADLKATALQASRGFALYNAANLKSINFHRQIEEKSLAQLKRQMKRIRAKQEKYRQSQASRGQLQSKDPQDPSQEPGPDSPGGSSPPRRQWWRPWLDHATVIHSGDYFLFESDSEEEEEALPEDPRPAAQSAFQMAYQAWVTNAQTVLRQRRERARQERAEQLASGGDLNPDVEPVDVPEDEMAGRSHMMQRVLSTMQFLWVLGQATVDGLTRWLRAFTKHHRTMSDVLCAERYLLTQELLRVGEVRRGVLDQLYVGEDEATLSGPVETRDGPSTASSGLGAEEPLSSMTDDTSSPLSTGYNTRSGSEEIVTDAGDLQAGTSLHGSQELLANARTRMRTASELLLDRRLHIPELEEAERFEAQQGRTLRLLRAGYQCVAAHSELLCYFIIILNHMVTASAASLVLPVLVFLWAMLTIPRPSKRFWMTAIVFTEVMVVTKYLFQFGFFPWNSYVVLRRYENKPYFPPRILGLEKTDSYIKYDLVQLMALFFHRSQLLCYGLWDHEEDRYPKDHCRSSVKDREAKEEPEAKLESQSETGTGHPKEPVLAGTPRDHIQGKGSIRSKDVIQDPPEDLKPRHTRHISIRFRRRKETPGPKGTAVMETEHEEGEGKETTERKRPRHTQEKSKFRERMKAAGRRLQSFCVSLAQSFYQPLQRFFHDILHTKYRAATDVYALMFLADIVDIIIIIFGFWAFGKHSAATDIASSLSDDQVPQAFLFMLLVQFGTMVIDRALYLRKTVLGKLAFQVVLVVAIHIWMFFILPAVTERMFSQNAVAQLWYFVKCIYFALSAYQIRCGYPTRILGNFLTKKYNHLNLFLFQGFRLVPFLVELRAVMDWVWTDTTLSLSNWMCVEDIYANIFIIKCSRETEKKYPQPKGQKKKKIVKYGMGGLIILFLIAIIWFPLLFMSLIRSVVGVVNQPIDVTVTLKLGGYEPLFTMSAQQPSIVPFTPQAYEELSQQFDPYPLAMQFISQYSPEDIVTAQIEGSSGALWRISPPSRAQMKQELYNGTADITLRFTWNFQRDLAKGGTVEYTNEKHTLELAPNSTARRQLAQLLEGRPDQSVVIPHLFPKYIRAPNGPEANPVKQLQPDEEEDYLGVRIQLRREQVGTGASGEQAGTKASDFLEWWVIELQDCKADCNLLPMVIFSDKVSPPSLGFLAGYGIVGLYVSIVLVVGKFVRGFFSEISHSIMFEELPCVDRILKLCQDIFLVRETRELELEEELYAKLIFLYRSPETMIKWTRERE,ionchannels,E2JF22
MLDACSFNRFDSNRSSARRFSRRGSDYFGDKGISMDERIVLNVGGVRHETYQATLKKIPATRLSRLTPSLANFDPLLNEYFFDRHPAVFAMILNYYRTGKLHYPTDVCGPLFEEELQYWGLDASDTEPCCWMQLLHAKDTQETLAVLDRMDADHEDDPQLREQDTMKKFGWEEDYFQGKRTRWMKLKPQMWSLFDEPYSSQAAKLIAGISVLFIFISIFSFCLKTHQSFRLPVLIGQNITMPGGVVQPSIERVSTEPLPIFGQIEMLCNIWFTLELIIRFVFCPSKIRFFKSPLNMIDLVATLSFYADAMMVRVVEDEPKDVVEFLSMIRIFRLFKLTQHHQGLQILIHTFRASAKELILLVFFLILGIVIFAALVYYAEKMEANPNNQFQSIPLGLWWAICTMTTVGYGDMTPHTSFGRLVGSLCAVMGVLTIALPVPVIVSNFAMFYSHNQARDKLPKRRRRVLPVEQIRLQARRHAAVLEPSASQGGLGGGQAIRRRNMPILIDQNCCDEENHNHKHREKSENSDEGTNSSSTTGVDTVVKLGPSETAITTTIIS,ionchannels,G5EFC3
MAEKAPPGLNRKTSRSTLSLPPEPVDIIRSKTCSRRVKINVGGLNHEVLWRTLDRLPRTRLGKLRDCNTHESLLEVCDDYNLNENEYFFDRHPGAFTSILNFYRTGKLHMMEEMCALSFGQELDYWGIDEIYLESCCQARYHQKKEQMNEELRREAETMREREGEEFDNTCCPEKRKKLWDLLEKPNSSVAAKILAIVSILFIVLSTIALSLNTLPELQENDEFGQPSDNRKLAHVEAVCIAWFTMEYLLRFLSSPNKWKFFKGPLNVIDLLAILPYYVTIFLTESNKSVLQFQNVRRVVQIFRIMRILRILKLARHSTGLQSLGFTLRRSYNELGLLILFLAMGIMIFSSLVFFAEKDEDATKFTSIPASFWWATITMTTVGYGDIYPKTLLGKIVGGLCCIAGVLVIALPIPIIVNNFSEFYKEQKRQEKAIKRREALERAKRNGSIVSMNLKDAFARSMELIDVAVEKAGESANTKDSVDDNHLSPSRWKWARKALSETSSNKSYENKYQEVSQNDSHEHLNNTSSSSPQHLSAQKLEMLYNEITKTQPHSHPNPDCQEQPERPCVYEEEIEMEEVICPQEQLAVAQTEVIVDMKSTSSIDSFTSCATDFTETERSPLPPPSASHLQMKFPTDLPGTDEHQRARAPPFLTLSRDKGPAAREAAVDYAPIDITVNLDAGASHGPLQPDSASDSPKSSLKGSNPLKSRSLKVNFQENRASAPQTPPSTARPLPVTTADFPLTTPQHMSTILLEEALPQGQPPLLEADDSAHCQGPSKGFSPRFPKQKLFPFSSRERRSFTEIDTGEDEDFLDLQRSRPDKQADPSPNCLADKPGDARDSLREEGCVGSSSPQNTDHNCRQDIYQAVGEVKKDSSQEGYKMENHLFAPEIHSNPGDTGHCPTRETSM,ionchannels,A6H8H5
MGGDLVLGLGALRRRKRLLEQEKSLAGWALVLAGTGIGLMVLHAEMLWFGGCSWALYLFLVKCTISISTFLLLCLIVAFHAKEVQLFMTDNGLRDWRVALTGRQAAQIVLELVVCGLHPAPVRGPPCVQDLGAPLTSPQPWPGFLGQGEALLSLAMLLRLYLVPRAVLLRSGVLLNASYRSIGALNQVRFRHWFVAKLYMNTHPGRLLLGLTLGLWLTTAWVLSVAERQAVNATGHLSDTLWLIPITFLTIGYGDVVPGTMWGKIVCLCTGVMGVCCTALLVAVVARKLEFNKAEKHVHNFMMDIQYTKEMKESAARVLQEAWMFYKHTRRKESHAARRHQRKLLAAINAFRQVRLKHRKLREQVNSMVDISKMHMILYDLQQNLSSSHRALEKQIDTLAGKLDALTELLSTALGPRQLPEPSQQSK,ionchannels,O15554
MGAALTLLGDLIATVSEAAAATGFSVAEIAAGEAAAAIEVQLASVATVEGLTTSEAIAAIGLIPQAYAVISGAPAAIAGFAALLQTVTGVSAVAQVGYRFFSDWDHKVSTVGLYQQPGMAVDLYRPDDYYDILFPGVQTFVHSVQYLDPRHWGPTLFNAISQAFWRVIQNDIPRLTSQELERRTQRYLRDSLARFLEETTWTVINAPVNWYNSLQDYYSTLSPIRPTMVRQVANREGLQISFGHTYDNIDEADSIQQVTERWEAQSQSPNVQSGEFIEKFEAPGGANQRTAPQWMLPLLLGLYGSVTSALKAYEDGPNKKKRKLSRGSSQKTKGTSASAKARHKRRNRSSRS,ionchannels,P03093
MPVRRGHVAPQNTYLDTIIRKFEGQSRKFLIANAQMENCAIIYCNDGFCELFGYSRVEVMQRPCTCDFLTGPNTPSSAVSRLAQALLGAEECKVDILYYRKDASSFRCLVDVVPVKNEDGAVIMFILNFEDLAQLLAKSSSRSLTQRLLSHSFLGSEGSHSRPSGQGPGPGRGKYRTVSQIPQFTLNFVEFNLEKHRSGSTTEIEIIAPHKVVERTQNVTEKVTQVLSLGADVLPEYKLQAPRIHRGTILHYSPFKAVWDWLILLLVIYTAVFTPYSAAFLLSDQDESQRGTCGYTCSPLTVVDLIVDIMFVVDIVINFRTTYVNTNDEVVSHPRRIAVHYFKGWFLIDMVAAIPFDLLIFRTGSDETTTLIGLLKTARLLRLVRVARKLDRYSEYGAAVLFLLMCTFALIAHWLACIWYAIGNVERPYLEPKIGWLDSLGAQLGKQYNGSDPASGPSVQDKYVTALYFTFSSLTSVGFGNVSPNTNSEKVFSICVMLIGSLMYASIFGNVSAIIQRLYSGTARYHTQMLRVKEFIRFHQIPNPLRQRLEEYFQHAWSYTNGIDMNAVLKGFPECLQADICLHLHRALLQHCPAFRGASKGCLRALAVKFKTTHAPPGDTLVHLGDVLSTLYFISRGSIEILRDDVVVAILGKNDIFGEPASLHARPGKSSADVRALTYCDLHKIHRADLLEVLDMYPAFADTFWNKLEVTFNLRDADGGLQSTPRQAPGHQDPQGFFLNDSQSGAAPSLSISDTSALWPELLQQMPPSPPNPRQDLDCWHRELGFKLEQLQAQMNRLESRVSSDLSRILQLLQHPQGRPSYILGASASSDLASFPETSVTRSSESTLLVGHVPSAQTLSYGDLDDHIQTPRNFSPRTPHVAMAMDKTLVPSSEQEQPGGLLSPLASPLRPLEVPGLGGSRFPSLPEHLSSVPKQLEFQRHGSDPGFTRS,ionchannels,O54853
MLPSASRERPGYRAGVAAPDLLDPKSAAQNSKPRLSFSTKPTVLASRVESDTTINVMKWKTVSTIFLVVVLYLIIGATVFKALEQPHEISQRTTIVIQKQTFISQHSCVNSTELDELIQQIVAAINAGIIPLGNTSNQISHWDLGSSFFFAGTVITTIGFGNISPRTEGGKIFCIIYALLGIPLFGFLLAGVGDQLGTIFGKGIAKVEDTFIKWNVSQTKIRIISTIIFILFGCVLFVALPAIIFKHIEGWSALDAIYFVVITLTTIGFGDYVAGGSDIEYLDFYKPVVWFWILVGLAYFAAVLSMIGDWLRVISKKTKEEVGEFRAHAAEWTANVTAEFKETRRRLSVEIYDKFQRATSIKRKLSAELAGNHNQELTPCRRTLSVNHLTSERDVLPPLLKTESIYLNGLTPHCAGEEIAVIENIK,ionchannels,O95069
MNGSNGEERVVHEVAMVVPKRVLEEEEGDCVEVLVTELRKKGMVVDRVVGLAHEFLKVAAPSEILGNAAAELHIRKPTRLGIDLPFEMQGSEAFIRQPDGLLFSWFERFRCYQHLIYGIVNSGGHDVTLKLDGREFCWTAGESLLRRLESEGVIKQMFPLHDELKRKELLQNWALNWWNCTNQPIDQIYSYFGAKIGVYFSFLGMYTQWLIFPALLGFIVQMVDFGSLQFLALPSFFVGTILWAALFLQFWKRKNAALLARWQINCLVGPSQGYRFLGMEWSSLPFPKELIKNLGNERAKEKEAYQRYEWFAYRKRFRNDVLVIMSIICLQLPFELAYAHIFEIITSDIIKYVLTAIYLLIIQYLTRLGGKVSVKLINREINESVEYRANSLIYKVFGLYFMQTYIGIFYHVLLHRNFMTLRQVLIQRLIISQVFWTLMDGSLPYLKYSYRKYRARTKKKMEDGSSTGKIQIASRVEKEYFKPTYSASIGVELEDGLFDDSLELALQFGMIMMFACAFPLAFALAAVSNVMEIRTNALKLLVTLRRPLPRAAATIGAWLNIWQFLVVMSICTNSALLVCLYDQEGKWKIEPGLAAILIMEHVLLLLKFGLSRLVPEEPAWVRASRVKNVTQAQDMYCKQLLRSISGEFNSLTKPEQEQQQDSERF,ionchannels,A0MFS9
MKTAVFGRDSGEPGSPCGAPPSLTFTPPATLVPPTHHHSRSTNRGGVSGTGGGGSGGLQGAPGAGGPRASHSSRRTSRLHNNVSALGVLSLGADVLPEYKLQPTRIHHCTIVHYSPFKAVWDWIILLLVIYTAVFTPYVAAFLLRELQDTAKKSRFTEPLEIVDLIVDIMFIVDIIINFRTTYVNENDEACQVVSDPGKIATHYFKGWFIIDMVAAVPFDLLLVSTNSDETTTLIGLLKTARLLRLVRVARKLDRYSEYGAAVLLLLMATFALIAHWLACIWYAIGSAELSHKEYTWLHQLSKQLAQPYTSTNGTIPTGGPTLKSRYVTSLYFTLSTITSIGFGNVSATTDSEKIFTIIMMILGSLMYASVFGNVSAIIQRLYSGTARYHTEMSRLREFIRFHQIPNPLRQRLEEYFQHAWSYTNGIDMNLVLKGFPDCLQADICLHLNRNLLSGCAAFAGSTPGCLRALSMRFRTTHSPPGDTLVHRGDILTGLYFIARGSVEILNDDNTVMGILGKDDIFGENPLLYDEVGKSSCNVRALTYCDLHKILRDDLLDVLDMYPEFAETFCKNLTITYNLRDDAQSLRKKFDRHKLLRMSSSMNKDRYTTPPDGDHGNAAVRRSAESVSRCDSNPIDRRQSAGSRSSSRCSPPHAALTATRSEATPLLRRSTNHHEEDDALFDDIRAFARGNTVTMSPTVAGNSVSPTTAIHNDGIHSQQLSDRSDDYEERRANMFGRRLESIESQMERMQNKFNSDMETLIKLVKEQSIIRNNGSSNEEPNARYRPNNYISSAIRLPNGGGGGVVDEMRVSRLSSHEPPTPTQETDTIL,ionchannels,G5EFJ9
MARKFSSARPEMFRRFTPDSLEEIEAFTELKKSCTLEKKEPESTPRIDLEAGKPLPMIYGDPPEDLLNIPLEDLDPFYKTQKTFIVISKGNIINRFNAERALYIFSPFNPIRRGAIRVFVNSAFNFFIMFTIFSNCIFMTISNPPAWSKIVEYTFTGIYTFEVIVKVLSRGFCIGHFTFLRDPWNWLDFSVVTMTYITEFIDLRNVSALRTFRVLRALKTITIFPGLKTIVRALIESMKQMGDVVILTVFSLAVFTLAGMQLFMGNLRHKCIRWPISNVTLDYESAYNTTFDFTAYIENEENQYFLDGALDALLCGNNSDAGKCPEGYTCMKAGRNPNYGYTNYDNFAWTFLCLFRLMLQDYWENLYQMTLRAAGKSYMVFFIMVIFLGSFYLINLILAVVAMAYEEQNQATLAEAQEKEAEFQRAVEQLRIQQEQINDERKASLASQLTQNQEAEITDDGDDAIKECNGKAFPLANIREPSSVKLSTEEQRSDSKSMDSKHSVDKPSLKHKAASTMSVFTLEDLEAARRPCPPVWYKFAGFVFKWNCCGPWVFLKKWVHFVMMDPFTDLFITLCIILNTLFMSIEHHPMNESFQSLLSAGNLVFTTIFAAEMVLKIIALDPYYYFQQTWNIFDSIIVSLSLLELGLSNMQGMSVLRSLRLLRIFKLAKSWPTLNILIKIICNSVGALGNLTIVLAIIVFIFALVGFQLFGKNYKEYVCKISDDCELPRWHMNDFFHSFLIVFRALCGEWIETMWDCMEVGGVPMCLAVYMMVIIIGNLVMLNLFLALLLSSFSSDNLSSIEEDDEVNSLQVASERISRAKNWVKIFITGTVQALVLWIQGKKPPSDDVVGEEGDNEGKKDTLPLNYLDGEKIVDGITNCVESPTLNLPIVKGESEIEEEGLVDSSDEEDTNKKKHALNDEDSSVCSTVDYSPSEQDPLAKEEEEEEEEEPEELESKDPEACFTEKCIWRFPFLDVDITQGKGKIWWNLRRTCYTIVEHDYFETFIIFMILLSSGVLAFEDIYIWRRRVIKVILEYADKVFTYVFIVEMLLKWVAYGFKRYFTDAWCWLDFVIVGASIMGITSSLLGYEELGAIKNLRTIRALRPLRALSRFEGMKVVVRALLGAIPSIMNVLLVCLMFWLIFSIMGVNLFAGKFYRCINTTTDEILPVEEVNNRSDCMALMYTNEVRWVNLKVNYDNAGMGYLSLLQVSTFKGWMDIMYAAVDSREVEDQPIYEINVYMYLYFVIFIVFGAFFTLNLFIGVIIDNFNRQKQKLGGEDLFMTEEQKKYYNAMKKLGSKKAAKCIPRPSNVVQGVVYDIVTQPFTDIFIMALICINMVAMMVESEDQSQVKKDILSQINVIFVIIFTVECLLKLLALRQYFFTVGWNVFDFAVVVISIIGLLLSDIIEKYFVSPTLFRVIRLARIARVLRLIRAAKGIRTLLFALMMSLPALFNIGLLLFLIMFIFSIFGMSNFAYVKKQGGVDDIFNFETFGNSMICLFEITTSAGWDGLLLPTLNTGPPDCDPDVENPGTDVRGNCGNPGKGITFFCSYIILSFLVVVNMYIAIILENFGVAQEESSDLLCEDDFVMFDETWHKFDVHGTQFLDYNDLPRFVNALQEPMRIPNPNRHKLAKMDMYVVMEDKISYLDVLLAVTQEVLGDTTEMEAMRLSIQAKFKKDNPSPTFFEPVVTTLRRKEEEWASVVIQRAFRQYLLMRAVSHASFLSQIKHMNEGPKDGVGSQDSLITQKMNALYRGNPELTMPLEQQIKPMLDKPRMPSLSVPETYPIQIPKEVTNEVILHSAPMVRQNYSYSGAIVVRESIV,ionchannels,P02719
MSALRRKFGDDYQVVTTSSSGSGLQPQGPGQGPQQQLVPKKKRQRFVDKNGRCNVQHGNLGSETSRYLSDLFTTLVDLKWRWNLFIFILTYTVAWLFMASMWWVIAYTRGDLNKAHVGNYTPCVANVYNFPSAFLFFIETEATIGYGYRYITDKCPEGIILFLFQSILGSIVDAFLIGCMFIKMSQPKKRAETLMFSEHAVISMRDGKLTLMFRVGNLRNSHMVSAQIRCKLLKSRQTPEGEFLPLDQLELDVGFSTGADQLFLVSPLTICHVIDAKSPFYDLSQRSMQSEQFEIVVILEGIVETTGMTCQARTSYTEDEVLWGHRFFPVISLEEGFFKVDYSQFHATFEVPTPPYSVKEQEEMLLMSSPLIAPAITNSKERHNSVECLDGLDDISTKLPSKLQKITGREDFPKKLLRMSSTTSEKAYSLGDLPMKLQRISSVPGNSEEKLVSKTTKMLSDPMSQSVADLPPKLQKMAGGATRMEGNLPAKLRKMNSDRFT,ionchannels,E1BNE9
MSIIKEFREFAMRGNVVDLAVGVIIGAAFGKIVSSLVADIIMPPLGLLIGGIDFKQFAVTLRDAQGDIPAVVMHYGVFIQNVFDFLIVAFAIFMAIKLINKLNRKKEEPAAAPAPTKEEVLLTEIRDLLKEQNNRS,ionchannels,P0A742
MYDTIVIGAGQAGISIGYYLKQSDQKFIILDKSHEVGESWKDRYDSLVLFTSRMYSSLPGMHLEGEKHGFPSKNEIVAYLKKYVKKFEIPIQLRTEVISVLKIKNYFLIKTNREEYQTKNLVIATGPFHTPNIPSISKDLSDNINQLHSSQYKNSKQLAYGNVLVVGGGNSGAQIAVELSKERVTYLACSNKLVYFPLMIGKRSIFWWFDKLGVLHASHTSIVGKFIQKKGDPVFGHELKHAIKQKEIILKKRVIAAKQNEIIFKDSSTLEVNNIIWATGFRNPLCWINIKGVLDQEGRIIHHRGVSPVEGLYFIGLPWQHKRGSALLQGVGNDAEYIVKQMNGE,iontransporters,O07085
MTQNHNIPTAIQIQNPINNNVSVTISDQLPKPSANNPNLLSVDTRPTHRKGHHHKHSLSHQYFLPPKNRQPLEIPASYPIPTFKETFAILTFPQKLKLTSSILFFLVAVGVLLSGDATILLTLSCSLIVEGVLIIINVWRETLDSFLVWRHTCLRYPFGMQQMELLVDFSFSILLIFLGMNLLKEPAEHAIEDWGNLHHAGDHEEETVHIHLTISLFASAIISGFALLLDHPSAHIRELNSRFFHGLTLVPSLILVLLLSLGYQVGSFLSHLLSLTIAVTALVNGFSIAKSLALMLLLTYSNKEKVFECVSLIKEDTRIDQLNYAAIWQPHYNTCIANIGLTVSGGEREQAAVREDIIRIIQKTVGSIFGAGVQPKWEISVDIQRA,iontransporters,O14329
MAIDRRREAAGGGPGRQPAPAEENGSLPPGDAAASAPLGGRAGPGGGAEIQPLPPLHPGGGPHPSCCSAAAAPSLLLLDYDGSVLPFLGGLGGGYQKTLVLLTWIPALFIGFSQFSDSFLLDQPNFWCRGAGKGTELAGVTTTGRGGDMGNWTSLPTTPFATAPWEAAGNRSNSSGADGGDTPPLPSPPDKGDNASNCDCRAWDYGIRAGLVQNVVSKWDLVCDNAWKVHIAKFSLLVGLIFGYLITGCIADWVGRRPVLLFSIIFILIFGLTVALSVNVTMFSTLRFFEGFCLAGIILTLYALRIELCPPGKRFMITMVASFVAMAGQFLMPGLAALCRDWQVLQALIICPFLLMLLYWSIFPESLRWLMATQQFESAKRLILHFTQKNRMNPEGDIKGVIPELEKELSRRPKKVCIVKVVGTRNLWKNIVVLCVNSLTGYGIHHCFARSMMGHEVKVPLLENFYADYYTTASIALVSCLAMCVVVRFLGRRGGLLLFMILTALASLLQLGLLNLIGKYSQHPDSGMSDSVKDKFSIAFSIVGMFASHAVGSLSVFFCAEITPTVIRCGGLGLVLASAGFGMLTAPIIELHNQKGYFLHHIIFACCTLICIICILLLPESRDQNLPENISNGEHYTRQPLLPHKKGEQPLLLTNAELKDYSGLHDAAAAGDTLPEGATANGMKAM,iontransporters,A1A5C7
MAPLAVDPAALDSAGGAVVAAGAGLGAVISSLTAALAGCAGMAGDDPAGAVFGRSYDGSAAALVQAMSVARNGLCNLGDGVRMSAHNYSLAEAMSDVAGRAAPLPAPPPSGCVGVGAPPSAVGGGGGAPKGWGWVAPYIGMIWPNGDSTKLRAAAVAWRSAGTQFALTEIQSTAGPMGVIRAQQLPEAGLIESAFADAYASTTAVVGQCHQLAAQLDAYAARIDAVHAAVLDLLARICDPLTGIKEVWEFLTDQDEDEIQRIAHDIAVVVDQFSGEVDALAAEITAVVSHAEAVITAMADHAGKQWDRFLHSNPVGVVIDGTGQQLKGFGEEAFGMAKDSWDLGPLRASIDPFGWYRSWEEMLTGMAPLAGLGGENAPGVVESWKQFGKSLIHWDEWTTNPNEALGKTVFDAATLALPGGPLSKLGSKGRDILAGVRGLKERLEPTTPHLEPPATPPRPGPQPPRIEPPESGHPAPAPAAKPAPVPANGPLPHSPTESKPPPVDRPAEPVAPSSASAGQPRVSAATTPGTHVPHGLPQPGEHVPAQAPPATTLLGGPPVESAPATAHQPQWATTPAAPAAAPHSTPGGVHSTESGPHGRSLSAHGSEPTHDGASHGSGHGSGSEPPGLHAPHREQQLAMHSNEPAGEGWHRLSDEAVDPQYGEPLSRHWDFTDNPADRSRINPVVAQLMEDPNAPFGRDPQGQPYTQERYQERFNSVGPWGQQYSNFPPNNGAVPGTRIAYTNLEKFLSDYGPQLDRIGGDQGKYLAIMEHGRPASWEQRALHVTSLRDPYHAYTIDWLPEGWFIEVSEVAPGCGQPGGSIQVRIFDHQNEMRKVEELIRRGVLRQ,iontransporters,O05442
MRKSKPVLLAAGLIWILIGYTFAQHHQQDVAKAALEHNLLEYAELLLFLLVAMTYINAMEERKLFDALQAWMVGKGFGFKKLFWLTGFLAFVISPIADNLTTALLMCAVVMKVSGDNPRFVNLACINIVIAANAGGAFSPFGDITTLMVWQAGHVRFSEFMPLFVPSLINYVVPAFLMALFVPNTKPNTIHEHVELKRGARRIVLLFVLTIATAVSFHAVLHFPPVVGMMMGLAYLQFFGYFLRKTLKHSLAKKAAMAIANGDDHALKRLGSVVPFDVFHRVSRAEWDTLLFFYGVVMCVGGLSLLGYLELVSNVMYTQWNPVWANVMVGVLSAIVDNIPVMFAVLTMDPSMSTGNWLLVTLTAGVGGSLLSIGSAAGVALMGAARGQYTFFGHLKWTPVIALGYAPVLPLICG,iontransporters,O66163
MGRRSGGRKLPFFASNASTSSSTKRTRSARRLPSLTRPRASSSPSPASPSPPPPSASHPAPPSPPLAVSPAGAGKVGKKKAGARLWMRLDRWGVSETLHLDKGSIIRRAGLPPRDLRILGPVFSDSSSILAREKAMVINLEFIRAIVTADEILLLDPLTIDVIPFVEQLTHHLPLKNLVCGNGQPGGDDHGEKHDDSHGDQVPRLNEATGAEHELPFEFQVLELALETVCSSFDVNVSGLERRATPVLEELTKNVSTRNLDRVRTLKSDLTRLLAHVQKVRDEIEHLLDDNEDMAHLYLTRKQLQNQQVEALISSAASNSIVPGGTSLSRLNNSFRRSVSIATSMHLDNDVEDLEMLLEAYFMQLDGIRNRILSVREYIDDTEDYVNIQLDNQRNELIQLQLTLTIASFGIAVNTFIAGAFAMNIQSKLYSIDDGSFFWPFVGGTSSGCFMICIVLLWYARWKKLLGP,iontransporters,A3BV82
MRLKSFSTTLDTLRRRFNDSSSEEDKLEKNIQDETSIKEVSLQDAKQSDEKGVEEKVFNDESFSIDVAPKPEDELSGIVKARYLTEHSSRISFYICYFSIFLLFFAISFQAECYYSLTAYATSAFAGHSLLSTIAVANNIISAAIKPPLARLSDVFGRLEAFLFSLLLYLVGLILMAASTNVQTYAGGSVLYNAGYTGVELIMTIFMADTSSMANRSLVLGISYLPFVVTIWIGPRVAQEFYMHSTWRWGIAVWTILIPACSIPFLAVYSYYQFRAWREGALKGTLTINPVELFKKLDIIGLILMTAGLALVLLSISLASYDTGKWSDAKFIVMIIIGGLCLIAFVLYEIFVASFPALPFRLMREPTIGACCAMSFLFYITFYCWDNYYYSFLQVVHYTSITAAGYISYTYSFTSCATGFFLGILIRLTKRYKWYFVASIPVYILGQGLMIRYRGEQYNWGYQIMPQIIVGIGGGVIANLLTVAVQTVVSTENFAIVTALVSTVTPIGGAVGSAISGAIWNSVMPKRLEKNLPSDLKDQAYTIFESLTVQLSYTRGTDARNAIILSYSEVQKILTSVATGFAGAMIFPVWFVANPRLSTVKTHIFDSKESKV,iontransporters,O74395
MGLKKFLEDIEHHFEPGGKHEKWFALYEAAATLFYTPGLVTKRSSHVRDSVDLKRIMIMVWLAVFPAMFWGMYNAGGQAIAALNHLYSGDQLAAIVAGNWHYWLTEMLGGTMSSDAGWGSKMLLGATYFLPIYATVFIVGGFWEVLFCMVRKHEVNEGFFVTSILFALIVPPTLPLWQAALGITFGVVVAKEVFGGTGRNFLNPALAGRAFLFFAYPAQISGDLVWTAADGYSGATALSQWAQGGAGALINNATGQTITWMDAFIGNIPGSIGEVSTLALMIGAAFIVYMGIASWRIIGGVMIGMILLSTLFNVIGSDTNAMFNMPWHWHLVLGGFAFGMFFMATDPVSASFTNSGKWAYGILIGVMCVLIRVVNPAYPEGMMLAILFANLFAPLFDHVVVERNIKRRLARYGKQ,iontransporters,A5F5X0
MHIMEGYLPVTHAIGWSLAAGPFVVAGAVKIRKIVAERPEARMTLAASGAFAFVLSALKIPSVTGSCSHPTGTGLGAVVFGPSVMAVLGVIVLLFQALLLAHGGLTTLGANAFSMAIVGPWVAWGVYKLAGKAGASMAVAVFLAAFLGDLATYVTTSLQLALAYPDPVSGFLGAALKFGSVFALTQIPLAIAEGFLTVIVVDALAGKVDDKDKLRILAGEAR,iontransporters,D5AUZ9
MASILNQTQELQEASKVLGHVRCENFFIFPGENTLSDGLRGVLYFLGLAYCFIGLSAITARFFKSMENVVKHSRKVVAIDPITKAEIITYKKVWNFTIADISLLAFGTSFPQISLATIDAIRNIGERYAGGLGPGTLVGSAAFDLFPIHAVCVVVPKAGELKKISDLGVWLVELVWSFWAYIWLYIILEVWSPNVITLVEALLTVLQYGLLLVHAYAQDKRWPYLSLPMSRGDRPEEWVPEEIDTSKDDNDNDVHDVYSDAAQEAVESGSRNIVDIFSIHSANNDTGITYHTVADTPPDSATKKGKAKNSSVFDIWKHQFVDAITLETSESKKVDSIYLRIANSFWQLLLAPWKLLFAFVPPCNIAHGWIAFIFSLLFISGVAFVVTRFTDLISCVTGINPYVIAFTALASGTSWPDLVASKIAAERQLTADSAIANITCSNSVNIYVGIGVPWLINTVYNYFAYREPLYIENAKGLSFSLLIFFATSVGCIVVLVLRRLIIGAELGGPRLWAWLTSAYFMMLWVVFVVLSSLKVSGVI,iontransporters,B8K1V7
MLDTILINVFRRDGDDDDDDGQDPALQELYSSWALFILLVLLIGALLTSYYVQSKKIRAIHETVISVFVGMVVGLIIRVSPGLIIQNMVSFHSTYFFNVLLPPIILNSGYELHQSNFFRNIGTILTFAFAGTFISAVTLGVLVYIFSFLNFENLSMTFVEALSMGATLSATDPVTVLAIFNSYKVDQKLYTIIFGESILNDAVAIVMFETLQQFQGKTLHFFTLFSGIGIFIITFFISLLIGVSIGLITALLLKYSYLRRYPSIESCIILLMAYTSYFFSNGCHMSGVVSLLFCGITLKHYAFFNMSYKAKLSTKYVFRVLAQLSENFIFIYLGMSLFTQVDLVYKPIFILITTVAVTASRYMNVFPLSNLLNKFHRQRNGNLIDHIPYSYQMMLFWAGLRGAVGVALAAGFEGENAQTLRATTLVVVVLTLIIFGGTTARMLEILHIETGVAADVDSDTEIGMLPWQQSPEFDLENSAMELSDASAEPVVVDQQFTTEHFDEGNIAPTLSKKVSSTFEQYQRAAGAFNQFFHSSRDDQAQWLTRFDEEVIKPVLLERDNLKNGTKK,iontransporters,O13726
MNLVSLKDIVFGYSHTPVLDKVSLDIESGEFVGITGPNGASKSTLIKVMLGMLKPWEGTVTISKRNTEGKRLTIGYVPQQISSFNAGFPSTVLELVQSGRYTKGKWFKRLNEEDHLEVEKALKMVEMWDLRHRKIGDLSGGQKQKICIARMLASNPDLLMLDEPTTAVDYDSRKGFYEFMHHLVKNHNRTVVMVTHEQNEVQQFLDKVIRLERGEKGGWKCLTWNSCDELF,iontransporters,O34946
MHIPDGYLSPVTCAVTFAATVPFWYVSMRKLDRDLNGQHLPLVALVAAFSFVIMMFNLPIPGGTTAHAAGIGIAAVLLGPWAAVPAISVALLIQAIFFGDGGITAFGANCLNMAVVGPMVAAAVYALGTRGAAIGSRRRVIMAGLASYAGLNAAALLAAVEFGVQPLFFHDAAGAPLYAPYPLSVAVPAMALTHLTIAGAAEFIVTAGLVAWLQRSNPELLAPRRAPAAPERHLRLWAGIGALVVLCPLGLIAAGTAWGEWGAEDFTSEAGRAAMAGASGGVAPPAGLPGGFARLAELWSAPLPDYAPAFVQNAPLGYVLSALLGVALIVAGIGLSAGLRALTRRAG,iontransporters,D5AQY8
MLTNHRSPHWLRHSARWPGFLVLALPILLFSPLAQAASAGELDLTSSLPGFIAVTLFLAAYVLVMAEEKLHMRKSKPVLVAAGLIWAMIGWVYVHAGLPDASEEAFSETLLEYSELLLFLLVAMTYINAMEERRVFDKLRAWLVEKGFSYRSLFWITGILAFWISTIANNLTTAMLMCAVVLKVAEGDKRFINLCCINVVVASNAGGAFSPFGDITTLMVWQAKLVEFQEFFELLGPALVNYLVPAIVMSLFIKNRKPAALEEHIWLKRGARRIVLLFLVTIVISVLCHTMLNLPPALGMMTGLGFLQFFGYYLRQSLPRSLERKRTRYSQRGDWRKLESLGSVVPFDVFTRIARSEWDTLLFFYGVVMSVGGLGFMGYLALLSETLYTGWDPVWANIVLGLVSSVVDNIPVMFAVISMEPDMSMGNWLLITLTAGVGGSLLSVGSAAGVALMGQARGIYTFASHMRWAPVIALGYVASVVVHLMINADSFAIFH,iontransporters,E1VBT7
MSKKPTTKKEVQTTGHSWDGIEELNTPLPRWWLWTFYATIVWGVAYSIAMPAWPIFASGATPGILGSSTRADVEKDIAKFAEMNKAVEDKLVATDLTAIAADPELVTYTRNAGAAVFRTWCAQCHGAGAGGNTGFPSLLDGDWLHGGSIETIYTNIKHGIRDPLDPDTLPVANMPAHLTDELLEPAQIDDVVQYVLKISGQPADEARATAGQQVFADNCVSCHGEDAKGMVEMGAPNLTDGIWLYGGDANTITTTIQLGRGGVMPSWSWAADGAKPRLSEAQIRAVASYVHSLGGGQ,iontransporters,D5ARP7
MSNVKTAMDTSNEESQLSYNASTSSSCAAGKEHATTPPITPIGSPTALGMGAFAIAFTTLSMSLMEWRGAAITNAYIGNCFFTAGLGLVLVAQWELVRGNSYGHTVFGGFGLFNLAFGAINAPAFGVADAFKDDPAALSNALGYFLLVWGVFVLFFTIAAMPMNLVYTAMLGTSQITYTLLAASYFAMADEKATAGVGLKKAAGAFGFVSGLLAWYVVAHLMCQDALFFSFPLGDTSRLYARLRRNR,iontransporters,A1CFK8
MSVPLILTILAGAATFIGAFLGVLGQKPSNRLLAFSLGFAAGIMLLISLMEMLPAALAAEGMSPVLGYGMFIFGLLGYFGLDRMLPHAHPQDLMQKSVQPLPKSIKRTAILLTLGISLHNFPEGIATFVTASSNLELGFGIALAVALHNIPEGLAVAGPVYAATGSKRTAILWAGISGLAEILGGVLAWLILGSMISPVVMAAIMAAVAGIMVALSVDELMPLAKEIDPNNNPSYGVLCGMSVMGFSLVLLQTAGIG,iontransporters,P0A8H3
MPAFYGGKLTTFEDDEKESEYGYVRKVSGPVVVADGMAGAAMYELVRVGHDNLIGEIIRLEGDSATIQVYEETAGLTVNDPVLRTHKPLSVELGPGILGNIFDGIQRPLKTIARISGDVYIPRGVSVPALDKDCLWEFQPNKFVEGDTITGGDLYATVFENTLMNHLVALPPDAMGKITYIAPAGQYSLKDTVIELEFQGIKKSYTMLQSWPVRTPRPVASKLAADTPLLTGQRVLDALFPSVLGGTCAIPGAFGCGKTVISQALSKYSNSDAVVYVGCGERGNEMAEVLMDFPQLTMTLPDGREESVMKRTTLVANTSNMPVAAREASIYTGITIAEYFRDMGYNVSMMADSTSRWAEALREISGRLAEMPADSGYPAYLAARLASFYERAGKVKCLGGPERNGSVTIVGAVSPPGGDFSDPVTSATLSIVQVFWGLDKKLAQRKHFPSVNWLISYSKYSTALESFYEKFDPDFINIRTKAREVLQREDDLNEIVQLVGKDALAEGDKITLETAKLLREDYLAQNAFTPYDKFCPFYKSVWMMRNIIHFYNLANQAVERAAGMDGQKITYTLIKHRLGDLFYRLVSQKFEDPAEGEDTLVEKFKKLYDDLNAGFRALEDETR,iontransporters,O23654
MSSSTVMADGFEEIEVDVVSVWKEGYAYENRGNSSVQQKITMTKGMKNLNSETKTLTATHTLGRTLKVGDPFEIASVEVSYTFSHQKSQVSMTQTEVYSSQVIEHTVTIPPNKKFTRWKLNADVGGTGIEYMYLIDEVTAIGADLTIPEVNKSRAKILVGRQIHLGETEIRIKHAERKEYMTVISRKSWPAATLGNSNLFKFVLFEDSSGIRIKTLNTMYPGYEWAYSSDQGGIYFDESSDNPKQRWALSKAMPLRHGDVVTFRNNFFTNSGMCYDDGPATNVYCLEKREDKWILEVVNT,iontransporters,O18424
MATKTELSPTARESKNAQDMQVDETLIPRKVPSLCSARYGIALVLHFCNFTTIAQNVIMNITMVAMVNSTSPQSQLNDSSEVLPVDSFGGLSKAPKSLPAKSSILGGQFAIWEKWGPPQERSRLCSIALSGMLLGCFTAILIGGFISETLGWPFVFYIFGGVGCVCCLLWFVVIYDDPVSYPWISTSEKEYIISSLKQQVGSSKQPLPIKAMLRSLPIWSICLGCFSHQWLVSTMVVYIPTYISSVYHVNIRDNGLLSALPFIVAWVIGMVGGYLADFLLTKKFRLITVRKIATILGSLPSSALIVSLPYLNSGYITATALLTLSCGLSTLCQSGIYINVLDIAPRYSSFLMGASRGFSSIAPVIVPTVSGFLLSQDPEFGWRNVFFLLFAVNLLGLLFYLIFGEADVQEWAKERKLTRL,iontransporters,O00476
MAANSTSDLHTPGTQLSVADIIVITVYFALNVAVGIWSSCRASRNTVNGYFLAGRDMTWWPIGASLFASSEGSGLFIGLAGSGAAGGLAVAGFEWNATYVLLALAWVFVPIYISSEIVTLPEYIQKRYGGQRIRMYLSVLSLLLSVFTKISLDLYAGALFVHICLGWNFYLSTILTLGITALYTIAGGLAAVIYTDALQTLIMVVGAVILTIKAFDQIGGYGQLEAAYAQAIPSRTIANTTCHLPRTDAMHMFRDPHTGDLPWTGMTFGLTIMATWYWCTDQVIVQRSLSARDLNHAKAGSILASYLKMLPMGLIIMPGMISRALFPDDVGCVVPSECLRACGAEVGCSNIAYPKLVMELMPIGLRGLMIAVMLAALMSSLTSIFNSSSTLFTMDIWRRLRPRSGERELLLVGRLVIVALIGVSVAWIPVLQDSNSGQLFIYMQSVTSSLAPPVTAVFVLGVFWRRANEQGAFWGLIAGLVVGATRLVLEFLNPAPPCGEPDTRPAVLGSIHYLHFAVALFALSGAVVVAGSLLTPPPQSVQIENLTWWTLAQDVPLGTKAGDGQTPQKHAFWARVCGFNAILLMCVNIFFYAYFA,iontransporters,A0PJK1
MADTDDEHASPQNPDNRIELERQAADEAHKAKILAHPPEGPGGDPLHPPVTPRPGATRVVRDRKGGRRVVEVPSTGHSWDGIEEYDNPLPRWWLWTFYATIVWGVLYLIAYPAIPLVNGATQGLLGQNYRSDVAAEIQRFNEANAPIQAKLVETPLEEIAADPELANYTANAGAAIFRTWCAQCHGSGAGGATGYPSLLDNDWLWGGTLEEIHTTVMHGIRDPKDADTRYSEMPRFGIDGLLENAQISQVVNHVLELGGLPHDAALAAEGVEVFADNCSSCHAEDGTGDRAQGAPDLTDAVWLYGSDPATITRIVRDGPFGVMPAWTGRLSEADIVAVAAYVHSLGGGE,iontransporters,A1B348
MEMFDLEFMRRAFLAGGMIAVMAPILGVYLVLRRQALMADTLSHISLSGVAIGFFLSTNITAASIVVVTIGAIGIEYMRRAYRTYSEVSIAILMAAGLSFAMFLISLSKGTANMSIDQYLFGSLVTVNQQQVYIISIITLLILLYFIVLRRPLYLLTFDEATAKTSGINTNVLSLSFSIVTGLAISVIIPIIGVLLVSALLVLPAAFAIRIAKGFNMVFITAILISLFSVFTGLTSSYQLGTPPGPSITLLLIVLLLIGFAVQGVWTFIKKEAQRKKRSR,iontransporters,O34610
MPLLDIRNLTIEFKTGDEWVKAVDRVSMTLTEGEIRGLVGESGSGKSLIAKAICGVNKDNWRVTADRMRFDDIDLLRLSARERRKLVGHNVSMIFQEPQSCLDPSERVGRQLMQNIPAWTYKGRWWQRFGWRKRRAIELLHRVGIKDHKDAMRSFPYELTEGECQKVMIAIALANQPRLLIADEPTNSMEPTTQAQIFRLLTRLNQNSNTTILLISHDLQMLSQWADKINVLYCGQTVETAPSKELVTMPHHPYTQALIRAIPDFGSAMPHKSRLNTLPGAIPLLEQLPIGCRLGPRCPYAQRECIVTPRLTGAKNHLYACHFPLNMEKE,iontransporters,P0AAH4
MVLDPEEKIPDDGASGDHGDSASLGAINPAYSNSSLPHSTGDSEEPFTTYFDEKIPIPEEEYSCFSFRKLWAFTGPGFLMSIAYLDPGNIESDLQSGAVAGFKLLWVLLLATIVGLLLQRLAARLGVVTGLHLAEVCHRQYPKVPRIILWLMVELAIIGSDMQEVIGSAIAINLLSAGRVPLYGGVLITIADTFVFLFLDKYGLRKLEAFFGFLITIMALTFGYEYVTVKPSQSQVLRGMFVPSCSGCHTPQVEQAVGIVGAVIMPHNMYLHSALVKSRQVNRANKQEVREANKYFFIESCIALFVSFIINVFVVSVFAEAFFEKTNEQVVEVCRNSSSPHADLFPNDNSTLAVDIYKGGVVLGCYFGPAALYIWAVGILAAGQSSTMTGTYSGQFVMEGFLNLKWSRFARVILTRSIAIIPTLLVAVFQDVEHLTGMNDFLNVLQSLQLPFALIPILTFTSLRPVMSEFSNGIGWRIAGGILVLLVCSINMYFVVVYVQELGHVALYVVAAVVSVAYLGFVFYLGWQCLIALGLSFLDCGRSYHLGLTARPEIYLLNTVDAVSLVSR,iontransporters,O54902
MSTFWSGYIALLTLGTIVALFWLIFATRKGESAGTTDQTMGHAFDGIEEYDNPLPRWWFLLFIGTLVFGILYLVLYPGLGNWKGVLPGYEGGWTQEKQWEREVAQADEKYGPIFAKYAAMSVEEVAQDPQAVKMGARLFANYCSICHGSDAKGSLGFPNLADQDWRWGGDAASIKTSILNGRIAAMPAWGQAIGEEGVKNVAAFVRKDLAGLPLPEGTDADLSAGKNVYAQTCAVCHGQGGEGMAALGAPKLNSAAGWIYGSSLGQLQQTIRHGRNGQMPAQQQYLGDDKVHLLAAYVYSLSQKPEQLANQ,iontransporters,D9IA45
MVKDTYISSASKTPPMERTVRVTGMTCAMCVKSIETAVGSLEGVEEVRVNLATETAFIRFDEKRIDFETIKRVIEDLGYGVVDEQAAVSAEVEHLSRMKRKLYVAAFAGVLLLFLAHFISLPYEDFVQLLIALPAIFYSGSSIFKAAFSALRRRTLNMDVMYSMGVGAAFLASVLSTAGVLPREYSFYETSVLLLAFLLLGRTLEARAKSRTGEAIKKLVGLQAKTAVVIRDGKEIAVPVEEVAVGDIVIVRPGEKIPVDGVVVEGESYVDESMISGEPVPVLKSKGDEVFGATINNTGVLKIRATRVGGETLLAQIVKLVEDAMGSKPPIQRLADKVVAYFIPTVLLVAISAFIYWYFIAHAPLLFAFTTLIAVLVVACPCAFGLATPTALTVGMGKGAELGILIKNADALEVAEKVTAVIFDKTGTLTKGKPEVTDLVPLNGDERELLRLAAIAERRSEHPIAEAIVKKALEHGIELGEPEKVEVIAGEGVVADGILVGNKRLMEDFGVAVSNEVELALEKLEREAKTAVIVARNGRVEGIIAVSDTLKESAKPAVQELKRMGIKVGMITGDNWRSAEAISRELNLDLVIAEVLPHQKSEEVKKLQAKEVVAFVGDGINDAPALAQADLGIAVGSGSDVAVESGDIVLIRDDLRDVVAAIQLSRKTMSKIKQNIFWALIYNVILIPAAAGLLYPIFGVVFRPEFAGLAMAMSSVSVVANSLLLRNYVPPIRRGGDSVEKIVLELSGLSCHHCVARVKKALEEAGAKVEKVDLNEAVVAGNKEDVDKYIKAVEAAGYQAKLRS,iontransporters,O29777
MDPAEMRYLEEEDGPLMKTIKGSITGFGAGTIYGTILATWKDVPRVERNVALPGLIRTLKMMGTHGLTFAAIGGVYIGVEQLVQNFRSKRDFYNGAIGGFVAGASVLGYRARSIPTAIAAGATLAVTSALIDSGGQTTRVDNGREYYPYTVEKRAEADS,iontransporters,O48528
MLDLVAAFIALTTLLTYVNYRFIRLPPTIGVMATALVFSLIVQGLSELGYPILEVEMQEIIRRIDFSEVLMTWFLPALLFAGALHVDLSDLRSYKWPIGLLATAGVLIATFVIGGLAYYTFPLFGWQVDFIYCLLFGALISPTDPIAVLGILKSAGAPKPLATTIVGESLFNDGTAVVVFAIILGILQLGEAPTVSATAILFVQEAIGGVVFGAVLGYGVFVMMRGIDQYQVEVMLTLALVIGGAALAARLHVSAPIAMVVAGLIIGNHGRHYAMSDETRRYVDKFWELIDEILNALLFALIGLELLLLPFSWLHVAAAFALGGAVLVSRLLTVGPAILVLRRFRGANRQVPAGTIRILVWGGLRGGVSVALALSLPLGPERDLILSLTYIVVLVSILLQGLSIGPLVRRIYAGQPLEKSEGAH,iontransporters,G3XD29
MQNRVVSCRFTGSTARRATMPEGIRGRSHILFLVPLSRAESVGRLHQVQRFKVNLPVFVGSVAVIALFVGIGVIAPKRAESIFSGMQTAILSGFGWLYLLSVAVFLFSMLFLAFSRYGELKLGPDDSEPEFRYLSWIAMLFAAGMGIGLMYFAVGEPMTHFASPPEAEPLTIAAQREAMSVTFFHWGVHAWAIYSVVGLSLAYFGYRYNLPLTVRSGLYPLLKEGIHGPIGHVVDIFAICGTMFGLATSLGFGILQINSGLNYLLGIPQSIYVQLLLVTVVTAIATISVVTGVEKGVRILSETNLFLAVLLMLFVLVVGPTGTLMRDFVQNIGLYLDSLVLRTFNIYAYEPRPWIDSWTLFYWAWWISWSPFVGMFIARISRGRTVREFVTAVLFVPAMFTFLWMTVFGNTAIYVDTTIANGELARDVKADLSVALFQFFEYLPWPAVTSTLAVLLVSIFFVTSSDSGSLVIDTIASGGETATPALQRIFWCSLSGIVAAVLLSTGGLTALQSATISTALPFSLVMLILVWSLFVGMRADLARTQSPGSLGPRAYPASGVPWQRRLAMTLSTPDRRAVEKFLQASVLPALEAVARELTRRSRPASVGRDAETGALTLTVPAEGHRDFVYGVQMSEHKLPAFTAYDATVADVRYEARTFFSDGSRGYDIMGMADNQIINDVLFQFERYTGFVRSPESSLLATSPEER,iontransporters,G3XCN6
MADTRRVTDTLRRWAPILKVLAVLWLVLAIFMAIPLLVLIVESEPDALAFGLSIAIVLAAATLSWIVTWRIPVSLKPWQMFVLTTLSWVTISSFASLPLVLGAPQLSLTNAVFESVSAITTTGSTILVHIEDLSDGLKLWRGIMQWLGGIGIIVMGIAILPFLKVGGMRLFHTESSDWSDKVMPRTGGIAKATLSIYCGFTLLAAMAYYLGGMSPLDAVVHAMTSLATGGFANSDASFGAYAEQPQLLWMGSLFMLCGALPFVLYIRFLRGSRMALLRDQQVQGLLLLLLLVILALTIWRVSQGTPAFTSLTQVTFNVVSVVTTTGYASDDYSAWGATAYVAFFYLTFVGGCSGSTSGGMKIFRFQVAMLLLRDQLRYLIHASGVFVSRYNNQPLTDDITRGVVAFSFFFFLTVAGLALGLSLLGLDFTTALSGAATAVANVGPGLGETIGPAGNFAPLPDAAKWLLCVGMLMGRLEILTVLVLLTPMFWRQ,iontransporters,E1V6K4
MGNVLAASSPPAGPPPPPAPALVGLPPPPPSPPGFTLPPLGGSLGAGTSTSRSSERTPGAATASASGAAEDGACGCLPNPGTFEECHRKCKELFPIQMEGVKLTVNKGLSNHFQVNHTVALSTIGESNYHFGVTYVGTKQLSPTEAFPVLVGDMDNSGSLNAQVIHQLGPGLRSKMAIQTQQSKFVNWQVDGEYRGSDFTAAVTLGNPDVLVGSGILVAHYLQSITPCLALGGELVYHRRPGEEGTVMSLAGKYTLNNWLATVTLGQAGMHATYYHKASDQLQVGVEFEASTRMQDTSVSFGYQLDLPKANLLFKGSVDSNWIVGATLEKKLPPLPLTLALGAFLNHRKNKFQCGFGLTIG,iontransporters,O96008
MGRIKNKQFAVIGLGRFGGSICKELHRMGHEVLAVDINEEKVNAYASYATHAVIANATEENELLSLGIRNFEYVIVAIGANIQASTLTTLLLKELDIPNIWVKAQNYYHHKVLEKIGADRIIHPEKDMGVKIAQSLSDENVLNYIDLSDEYSIVELLATRKLDSKSIIDLNVRAKYGCTILAIKHHGDICLSPAPEDIIREQDCLVIMGHKKDIKRFENEGM,iontransporters,O32080
MTSLVSLENVSVSFGQRRVLSDVSLELKPGKILTLLGPNGAGKSTLVRVVLGLVTPDEGVIKRNGKLRIGYVPQKLYLDTTLPLTVNRFLRLRPGTHKEDILPALKRVQAGHLINAPMQKLSGGETQRVLLARALLNRPQLLVLDEPTQGVDVNGQVALYDLIDQLRRELDCGVLMVSHDLHLVMAKTDEVLCLNHHICCSGTPEVVSLHPEFISMFGPRGAEQLGIYRHHHNHRHDLQGRIVLRRGNDRS,iontransporters,P0A9X1
MESNRGQGSIQQLLAAEVEAQHIVNAARTAKMARLKQAKEEAEKEIAEYKAQTEQDFQRKLEETSGDSGANVKRLEQETDTKIEQLKNEASRISKDVVEMLLKHVTTVKN,iontransporters,O82628
MAGCRGSVCCCCRWCCCCGERESRTPEELTILGETQEEEDEILPRKDYESLDYDRCINDPYLEVLETMDNKKGRRYEAVKWMVVFAIGVCTGLVGLFVDFSVRLFTQLKFGVVQTSVEECSQKGCLALSLLELLGFNLTFVFLASLLVLIEPVAAGSGIPEIKCYLNGVKVPGIVRLRTLLCKVFGVLFSVSGGLFVGKEGPMIHSGAVVGAGLPQFQSISLRKIQFNFPYFRSDRDKRDFVSAGAAAGVAAAFGAPIGGTLFSLEEGSSFWNQGLTWKVLFCSMSATFTLNFFRSGIQFGSWGSFQLPGLLNFGEFKCSDSDKKCHLWTAMDLGFFVVMGVIGGLLGATFNCLNKRLAKYRMRNVHPKPKLVRVLESLLVSLVTTVVVFVASMVLGECRQMSSTSQTGNGSFQLQVTSEDVNSTIKAFFCPNDTYNDMATLFFNSQESAILQLFHQDGTFSPVTLALFFILYFLLACWTFGTSVPSGLFVPSLLCGAAFGRLVANVLKSYIGLGHLYSGTFALIGAAAFLGGVVRMTISLTVILIESTNEITYGLPIMVTLMVAKWTGDLFNKGIYDVHIGLRGVPLLEWETDVEMDKLRASDIMEPNLTYVYPHTRIQSLVSILRTTVHHAFPVVTENRGNEKEFMKGNQLISNNIKFKKSSILTRAGEQRKRGQSMKSYPSSELRNVCDEHVASEEPAEKEDLLQQMLERRYTPYPNLYPDQSPSEDWTMEERFRPLTFHGLVLRSQLVTLLVRGVCYSESQSSASQPRLSYAEMAEDYPRYPDIHDLDLTLLNPRMIVDVTPYMNPSPFTVSPNTHVSQVFNLFRTMGLRHLPVVNAVGEIVGIITRHNLTNEFLQARLRQHYQTL,iontransporters,O35454
MELSMFGREDTNSSQWGEVHGPFMLEEIVCQAQNMLTSRGIFMKSNPLKYALPLLLLQMSVIIVTSRLIFRVLQPLKQGMISAQVLTGVVLGPSFLGHNVIYMNMFLPAGGKIIIQTLSNVGFVIHLFLLGLKIDGSIIRKAGSKAILIGTASYAFPFSLGNLTIMFISKTMGLPSDVISCTSSAISLSSMTSFPVTTTVLAELNILNSELGRLATHCSMVCEVCSWFVALAFNLYTRDRTMTSLYALSMIIGLLLVIYFVFRPIIVWLTQRKTKSMDKKDVVPFFPVLLLLSIASLSGEAMGVHAAFGAFWLGVSLPDGPPLGTELAAKLEMFASNLFLPCFIAISGLQTNFFEITESHEHHVVMIEIILLITYGCKFLGTAAASAYCQTQIGDALCLAFLMCCQGIIEVYTTIVWKDAQVVDTECFNLVIITILFVTGISRFLVVYLYDPSKRYKSKSKRTILNTRQHNLQLRLLLGLYNVENVPSMVNLLEATYPTRFNPISFFTLHLVELKGRAHALLTPHHQMNKLDPNTAQSTHIVNAFQRFEQKYQGALMAQHFTAAAPYSSINNDICTLALDKKATLIVIPFHKQYAIDGTVGQVNGPIRTINLNVLDAAPCSVAIFIDRGETEGRRSVLMTNTWQNVAMLFIGGKDDAEALALCMRMAEKPDLNVTMIHFRHKSALQDEDYSDMSEYNLISDFKSYAANKGKIHYVEEIVRDGVETTQVISSLGDAYDMVLVGRDHDLESSVLYGLTDWSECPELGVIGDMLTSPDFHFSVLVVHQQQGDDLLAMDDSYKLPNVEHQKIGDTGIQQRFSAEEGFTTIDLGKR,iontransporters,O22920
MWIKLLFFFTTLLVSTSGLGDDGITALLDPNSTEFSTVLPSNNSEKFSYMLASVKNMNMTASEFEEFIKVLKHRQSKDHSGEHVGNEHDESHGISVVSWHWDYVKNELVLTLFFIVIGLFKLVYHHTFVTRKILPESCCLIFIGIAIGFFFVGDATHASIKFLEFKSKVFFFYLLPPIILESAYSLKDRAFIENIGTILLYAVVGTILNIVLLAAALLILIWVGIMGKYNLSVMDILTFASLVAAVDPVAVLAVFQEVGVNKMLYFMVFGESLFNDAVTIVCYNLAIEFQTLPDFTWYHGFLGLLSFLCVSIGGLIIGLICGAISSFVTKFTTDVRVVEPVVLFGMAYLAYLGSEMFHFSGIIALIACGLFQTHYACCNISYKSFTSVMYITKVCSTLCESLIFIILGVMLVNEREWFWTDWHPVFSAVSVVLCVVVRFGVTFFLTYFVNQFTGGVRHISFQEQFIMSYGGLRGAVSFSLVFMISANPDVKNTMLGATYAVILFTNIIQGSTIKLFVKWLNIRLAKKEDHFRLFIEFNNGMVQHLSQGIEDLCGDKSLSLINRMSELSKKYVRPLLEKNYTANKAKKEGKLVELNRAVAMREALNNSPSQSSFQRQHTIDEMAESGALPHDLLDEEHQGHHHHGQVHPDNEDADQRANELIKDVSSIRQLMHNPFEDCYLDRNLTHEEEKEQARLKMKKTRAFKFSSVRKTIGFFGKKKSVRRHATQQGILHSAIATIGVQSVDRPSTSTRVSVEDEEQGLTMKEMEEEHPLMTITESEETSF,iontransporters,G5EBK1
MIKFEKVNYTYQPNSPFASRALFDIDLEVKKGSYTALIGHTGSGKSTLLQHLNGLLQPTEGKVTVGDIVVSSTSKQKEIKPVRKKVGVVFQFPESQLFEETVLKDVAFGPQNFGIPKEKAEKIAAEKLEMVGLADEFWEKSPFELSGGQMRRVAIAGILAMEPEVLVLDEPTAGLDPKARIEMMQLFESIHQSGQTVVLVTHLMDDVADYADYVYLLEKGHIISCGTPSDVFQEVDFLKAHELGVPKATHFADQLQKTGAVAFEKLPITRAELVTLLTSLSVNSGGEN,iontransporters,A2RI02
MEILMAVLAGIIFMAATYLLLSKSLLRVIIGTALLSHGVHLMLLTMGGLKKGAAPILSEHAKSFVDPLPQALILTAIVISFGVTSFILVMAFRAYQELKSDDMDQMRGNDQHE,iontransporters,O05260
MAMHFIFSDTAVLLFDFWSVHSPAGMALSVLVLLLLAVLYEGIKVGKAKLLNQVLVNLPTSISQQTIAETDGDSAGSDSFPVGRTHHRWYLCHFGQSLIHVIQVVIGYFIMLAVMSYNTWIFLGVVLGSAVGYYLAYPLLSTA,iontransporters,O15432
MNQSPSLIEQGISQQHLKTLSCANVLTLAYQSLGVIYGDLSTSPLYVYKTTFSGKLSLHEDDEEIFGVFSFIFWTFTLIALFKYVFIVLSADDNGEGGTFALYSLLCRYAKLSILPNHQEMDEKLSTYATGSPGETRQSAAVKSFFEKHPKSQKCLLLFVLLGTCMAIGDSVLTPTISVLSAVSGVKLKIPNLHENYVVIIACIILVAIFSVQRYGTHRVAFIFAPISTAWLLSISSIGVYNTIKWNPRIVSALSPVYMYKFLRSTGVEGWVSLGGVVLSITGVETMFADLGHFSSLSIKVAFSFFVYPCLILAYMGEAAFLSKHHEDIQQSFYKAIPEPVFWPVFIVATFAAVVGSQAVISATFSIISQCCALDCFPRVKIIHTSSKIHGQIYIPEVNWMLMCLCLAVTIGLRDTNMMGHAYGLAVTSVMLVTTCLMTLVMTIVWKQRIITVLAFVVFFGSIELLYFSSCVYKVPEGGWIPILLSLTFMAVMYIWNYGTTKKHEFDVENKVSMDRIVSLGPSIGMVRVPGIGLVYSNLVTGVPAVFGHFVTNLPAFHKILVFVCVKSVQVPYVGEEERFVISRVGPKEYGMFRSVVRYGYRDVPREMYDFESRLVSAIVEFVETEPGLEEEEMSSVRRKKEECMEIMEAKEAGVAYILGHSYAKAKQSSSVLKKLAVNVVFAFMSTNCRGTDVVLNVPHTSLLEVGMVYYV,iontransporters,O22397
MADTMQFDLVSPERNLVSVPVREVRLPGADGDLTAMPGHAPAIVNLRPGLVTVVAGDGSETEFAVTGGFAEINNESVTLLAERGHPRAEMTQEVFNEMMAQARRRVEAAKERESAGEELVAAAVKLLADMEALGTHIGLDPNHANFPH,iontransporters,A1B8P1
MSRKREMPDGGAKSVLSDLRFGRFVGRIRRSRHPALLLLALFVAACWLTWVNFSVALPRSQWQQAIWSPDIDIIEQMIFHYSQLPRLAISLLVGAGLGLVGVLFQQVLRNPLAEPTTLGVATGAQLGITVTTLWAIPGALTTQFAALTGACIVGALVFGVAWGKRLSPVTLILAGLVVSLYCGAINQLLVIFHHDQLQSMFLWSTGTLTQTDWSGVQRLWPQLLGGVMLTLLLLRPMTLMGLDDGVARNLGLALSLARLAALSLAIVLSALLVNAVGIIGFIGLFAPLLAKMLGARRLLARLMLAPLIGALILWLSDQIILWLTRVWMEVSTGSVTALIGAPLLLWLLPRLKSMSAPDMNASDRVAAERRHVLAFAVAGGALLLLATWVALSFGRDAHGWTWASGTLLEELMPWRWPRILAALMAGVMLAVAGCIIQRLTGNPMASPEVLGISSGAAFGVVLMLFLVPGNAFGWLLPAGSLGAAATLLIIMIAAGRGGFSPQRMLLAGMALSTAFTMLLMMLQASGDPRMAEVLTWLSGSTYNATGGQVTRTAIVMVILLAIVPLCRRWLTILPLGGDAARAVGMALTPSRIALLALAACLTATATMTIGPLSFVGLMAPHIARMLGFRRTMPHMVISALAGGVLLVFADWCGRMALFPYQIPAGLLSSFIGAPYFIYLLRKQSR,iontransporters,O87656
MIETAKVVVAVFILLGALICLIASFGVLRLPDVFTRAHAASKGSTLGVNMILLGVFFYLWFVTGELSAKILLGILFIFITSPIGGHLICRAAYNSGVKLDERSVQDDYNGIRNFVIKRKEDSYL,iontransporters,O05227
MSLNNLSNSYNQYLAQESHQILRHLFLNKQYSPLVKRDDDSSATVTCGGDANEFNEYGHLGYRIGAIFVILATSLIGMNLPLVLSKITKNRPNVYIEYLYLFARYFGSGVILATAFIHLLAPACNKLYDPCLDDLFGGYDWAPGICLISCWFILLLEVLLNRYVEWRFGMEIGDHHGPTLGAKQHSHSHEDGAHGVHEHPVYDIEECADGVEHECVKDDLEEVKLEPYTNTDSTDLTTKEEARSFLLKQQLTAFIILESSIILHSVIIGLTTAVSGEEFKTLFPVIIFHQAFEGCGLGSRLAGMAWGPKTAWVPWVLGVIYSLVTPIGMAAGLGVREHWDPLAHGSYAAQGVLDAISSGILVYAGLVELLAHDFLFSPERERNWYKLIYLLACSMAGTGVMALLGKWA,iontransporters,O94639
MKLRFGVTAAEKKAWIVFLVLLGLTAAVLIISAGLGQRFIPPWDVAKTFFGAGSKLDELMIMSFRMPRILTALCAGVCLAAAGAILQGLVRNPLASPDIIGITGGAAVAVVLLMMFFSDRSSSLTISLSWLPAAAFIGASAVGLIVYLLAYKNGASTFRLVLIGIGFSMSAQAMTTLLMIKGPIYRASQANVYITGSVYGSNWQHVKIAIILSVILLFICFVALKNMNIQVLGEDIAAGAGSAVQRNRFFLLLLSTALTGCAVSVAGTIGFVGLMAPHIARRLVGSSYGALLPASALIGALLVLTADIVGRTLFAPVEVPAGVFTAAIGAPYFIYLLYKTRNS,iontransporters,O31569
MDLHQSATVRLLQEWCSHESPSGCRRHYNTRKKLKLIRVIGLVMGLVAVSTVPFSISAFTETYSQNNRGEASDVTGPRAAPGHRQRTLLDLNDKIRDYTPQPPASQEDRSENGTDHAQGDYPKDVFSLEERRKGAIILHVIGMIYMFIALAIVCDEFFVPSLTVITEKLGISDDVAGATFMAAGGSAPELFTSLIGVFIAHSNVGIGTIVGSAVFNILFVIGMCALFSREILNLTWWPLFRDVSFYIVDLIMLIIFFLDNVIMWWESLLLLTAYFAYVVFMKFNVQVERWVKQMINRNKVVKVTVSEAQAKASTAGDKEEPTLPNKPRLQRGGSSASLHNSLMRNSIFQLMIHTLDPLAEELGSYGKLKYYDTMTEEGRFREKASILHKIAKKKCQVDENERQNGAANHVDYAAEKIELPNSTSTEVEMTPSSEASEPVQNGNLSHSIEAADAPQATETAEEDDDQPLSLSWPSNTRKQITFLIVLPIVFPLWITLPDVRKPASKKFFPITFFGSITWIAVFSYLMVWWAHQVGETIGISEEIMGLTILAAGTSIPDLITSVIVARKGLGDMAVSSSVGSNIFDITVGLPLPWLLYTIIHRFKPVTVSSNGLFCAIVLLFIMLIFVILSIALCKWRMNKILGFIMFGLYFAFLVVSVLLEDKVLECPVSI,iontransporters,O54701
MTDPSVVHARAPAPDRIGRLGAGVRGLMQHAEEAAGLAQRPGLLQGLDPRAKVAGAFALILAAVATRSLLVLLALFVLATALAAASQISPARLARQVWIVVLGFTGMIALPALILVPGTPVLSLPFGLAITEQGLRAAAFLTGRSETTATLALALVLTTPWPQVLKALRCLGVPRAAVMILGMTHRYIFVLADLALDLFEARRSRLVGRLSPAEARRLATGIAGALFERALALSSEVHLAMLARGWRGEVHLIDDFRFRPRDGGALVLAAAILAGVVWAGSVWP,iontransporters,D5AQY7
MAAEGGRCQKSYFDVLGICCPSEVPLVEKLLQPLEGVQKVTVIVPSRTVIVVHDVDAISQSQIVKALNQARLEASVRAYGNGSEKITNKWPSPYVLLCGLLLVVSLFEHFWHPLKWFALVAAAAGLPPIVLRSIAAIRRLTLDVNILMLIAVAGAIALKDYSEAGFIVFLFTTAEWLETRASHKATAGMSALMSMAPQKAILAETGEVVAARDVKVNTVIAVKAGEVIPIDGVVVDGRSEVDESTLTGESFPVSKQPDSQVWAGTLNIDGYIAVRTTAMADNSAVAKMARLVEEAQNSRSSTQRLIDTCAKYYTPAVVVMAGSVAAIPAIAKAHNLKHWFQLALVLLVSACPCALVLSTPIATFCALLRAARTGLLIKGGDVLESLASIKVAAFDKTGTITRGEFSVEEFQPVGERVSLQQLLYWVSSVESRSSHPMASVLVDYAQSKSVEPKSENVSEFQIYPGEGIYGEIDGAGIYIGNKRILSRASCETVPDMKDMKGVTIGYVACNNELIGVFTLSDACRTGSAEAIKELRSLGIKSVMLTGDSSAAATYAQNQLGNILAEVHAELLPEDKVRIVGELKEKDGPTLMVGDGMNDAPALAKADVGVSMGVSGSAVAMETSHVALMSNDIRRIPKAVRLARRTHRTIIVNIIFSVITKLAIVGLAFAGHPLIWAAVLADVGTCLLVIMYSMLLLREKDSRKAKKCAASHHGSPKKCCSSSHHGSHAKKNHGVSHHCSDGPCKSMVSCKESSVAKNACHDHHHEHNHHEEPAHKHSSNQHGCHDHSHGHSNCKEPSNQLITNKHACHDGHNHCADTSNLHDTKKHDCHGHEHSTCKEELNALPPTNDHACHGHEHSHCEEPVALHSTGEHACHEHEHEHIHCDEPIGSHCADKHACHDHEQVHEHHCCDEQQTPHTADLHPCHDHDHDNLEVEEVKDCHAEPPHHHNHCCHEPHDQVKNDTHPVQEHSISIEESSDHHEHHHNEEHKAEDCGHHPKPKDCAPPPTDCISRNCCSNTSKGKDICSSLHRDHHTSQASRCCRSYVKCSRPSRSCCSHSIVKLPEIVVE,iontransporters,A3BF39
MSSAKELKKSVLAPVLDNNPIALQVLGVCSALAVTTKLETAFVMTLAVMFVTALSNFFVSLIRNHIPNSVRIIVQMAIIASLVIVVDQILKAYLYDISKQLSVFVGLIITNCIVMGRAEAFAMKSEPIPSFIDGIGNGLGYGFVLMTVGFFRELLGSGKLFGLEVLPLISNGGWYQPNGLMLLAPSAFFLIGFMIWAIRTFKPEQVEAKE,iontransporters,A5F5Y6
MDLATLLGLIGGFAFVIMAMVLGGSIGMFVDVTSILIVVGGSIFVVLMKFTMGQFFGATKIAGKAFMFKADEPEDLIAKIVEMADAARKGGFLALEEMEINNTFMQKGIDLLVDGHDADVVRAALKKDIALTDERHTQGTGVFRAFGDVAPAMGMIGTLVGLVAMLSNMDDPKAIGPAMAVALLTTLYGAILSNMVFFPIADKLSLRRDQETLNRRLIMDGVLAIQDGQNPRVIDSYLKNYLNEGKRALEIDE,iontransporters,O06873
MSFFSAAKQSLGNSLIKLGTSMAQNSQGPVDDSSLSQLENLLPPLQILTARAAMAAMNMSNDTSMSGMNMTNSTTPMSGMNMTNSTTSMSGMNMSNSTTSMSGMNMTNTTTTAKASSCKLSMYWNWYTIDACFITKHWHITSKHMFVGSIFGIIFMMMALELVRRGQREFDRWCVRRFSPASNSCCHSGAPVHSGPSMALRIFLHFLRSCFYLVQYIVAYIAMLLAMYYNGYVILFLFCGTFFGYFLFGADTISTKASSSVQTKTIVQVADEKHEHDSSQYSDTTPTTE,iontransporters,O94722
MGKLIRMGPQERWLLRTKRLHWSRLLFLLGMLIIGSTYQHLRRPRGLSSLWAAVSSHQPIKLASRDLSSEEMMMMSSSPSKPSSEMGGKMLVPQASVGSDEATLSMTVENIPSMPKRTAKMIPTTTKNNYSPTAAGTERRKEDTPTSSRTLTYYTSTSSRQIVKKYTPTPRGEMKSYSPTQVREKVKYTPSPRGRRVGTYVPSTFMTMETSHAITPRTTVKDSDITATYKILETNSLKRIMEETTPTTLKGMFDSTPTFLTHEVEANVLTSPRSVMEKNNLFPPRRVESNSSAHPWGLVGKSNPKTPQGTVLLHTPATSEGQVTISTMTGSSPAETKAFTAAWSLRNPSPRTSVSAIKTAPAIVWRLAKKPSTAPSTSTTPTVRAKLTMQVHHCVVVKPTPAMLTTPSPSLTTALLPEELSPSPSVLPPSLPDLHPKGEYPPDLFSVEERRQGWVVLHVFGMMYVFVALAIVCDEYFVPALGVITDKLQISEDVAGATFMAAGGSAPELFTSLIGVFISHSNVGIGTIVGSAVFNILFVIGTCSLFSREILNLTWWPLFRDVSFYILDLIMLILFFLDSLIAWWESLLLLLAYAFYVFTMKWNKHIEVWVKEQLSRRPVAKVMALEDLSKPGDGAIAVDELQDNKKLKLPSLLTRGSSSTSLHNSTIRSTIYQLMLHSLDPLREVRLAKEKEEESLNQGARAQPQAKAESKPEEEEPAKLPAVTVTPAPVPDIKGDQKENPGGQEDVAEAESTGEMPGEEGETAGEGETEEKSGGETQPEGEGETETQGKGEECEDENEAEGKGDNEGEDEGEIHAEDGEMKGNEGETESQELSAENHGEAKNDEKGVEDGGGSDGGDSEEEEEEEEEQEEEEEEEEQEEEEEEEEEEEEKGNEEPLSLDWPETRQKQAIYLFLLPIVFPLWLTVPDVRRQESRKFFVFTFLGSIMWIAMFSYLMVWWAHQVGETIGISEEIMGLTILAAGTSIPDLITSVIVARKGLGDMAVSSSVGSNIFDITVGLPVPWLLFSLINGLQPVPVSSNGLFCAIVLLFLMLLFVISSIASCKWRMNKILGFTMFLLYFVFLIISVMLEDRIISCPVSV,iontransporters,O60721
MAGPGAWKRLKSLLRKDDTPLFLNDTSAFDFSDEVSDEGLSRFNKLRVVVADDDSEAPERPVNGAHPALQADDDSLLDQDLPLTNSQLSLKMDPCDNCSKRRELLKQRKVKTRLTIAAVLYLLFMIGELVGGYMANSLAIMTDALHMLTDLSAIILTLLALWLSSKSPTRRFTFGFHRLEVLSAMISVMLVYVLMGFLLYEAVQRTIHMNYEINGDVMLITAAVGVAVNVIMGFLLNQSGHHHSHAHSHSLPSNSPSMVSSGHNHGQDSLAVRAAFVHALGDLVQSVGVLIAAYIIRFKPEYKIADPICTYIFSLLVAFTTFRIIWDTVVIILEGVPSHLNVDYIKESLMKIEDVYSVEDLNIWSLTSGKSTAIVHMQLIPGSSSKWEEVQSKAKHLLLNTFGMYKCTIQLQSYRQEVIRTCANCHSSST,iontransporters,O35149
SADVAGAVIDGAGLGFDVLKTVLEALGNVKRKIAVGIDNESGKTWTAMNTYFRSGTSDIVLPHKVAHGKALLYNGQKNRGPVATGVVGVIAYSMSDGNTLAVLFSVPYDYNWYSNWWNVRVYKGQKRADQRMYEELYYHRSPFRGDNGWHSRGLGYGLKSRGFMNSSGHAILEIHVTKA,iontransporters,B9W5G6
MSTIIFGVVMFTLIILALVLVILFAKSKLVPTGDITISINGDPEKAIVTQPGGKLLTALAGAGVFVSSACGGGGSCGQCRVKIKSGGGDILPTELDHISKGEAREGERLACQVAVKADMDLELPEEIFGVKKWECTVISNDNKATFIKELKLAIPDGESVPFRAGGYIQIEAPAHHVKYADFDVPEKYRGDWDKFNLFRYESKVDEPIIRAYSMANYPEEFGIIMLNVRIATPPPNNPNVPPGQMSSYIWSLKAGDKCTISGPFGEFFAKDTDAEMVFIGGGAGMAPMRSHIFDQLKRLKSKRKMSYWYGARSKREMFYVEDFDGLAAENDNFVWHCALSDPQPEDNWTGYTGFIHNVLYENYLKDHEAPEDCEYYMCGPPMMNAAVINMLKNLGVEEENILLDDFGG,iontransporters,A5F5Y4
MAWSQVEISKPHLAYAIIGGFTSLFMLCSLIIKEKLFLGEATMATATGLIFGPYVAKLFVPTSWGNTDYITEELARVLLVVEVFAAGAELPRAYMLRHWRSMFVMLLPVMIFGWLVSTGFMYALIPRLSFLESLAIAACITATDPVLASSIVGKGKFARRVPGHLRNMLLAESGCNDGMAIPFLYLAIYLIIEKPARHAGRDWVCIIILYECTFGCVLGAIIGVIARKMIKFSERRGLMDRESFLVFYFVLALFCGGIGTIIGVDDLLVSFCAGAAFSWDSWFSKKTEESHVSNVIDLLLNLSFFVYVGAIMPWPQFHMPHMDLSVWRLVVLAICILIARRIPAVLLFKSFVPDIINWREALFAGHFGPIGVGALYTCLVARAELEVHSTVPEPNDAIENPEIPNWYCIQVMWPVVCFLVLSSIIVHGSSIAFFMLGKRINTLALSFTRTRDSHFAFNLPRVRQGQSLPIKRVDALRSSANSIASSIRRRHPVNIQEDEDADISTVSLPEAAHLREERAESPRGGHYDAEEFPSEDYESRQPRRSNEEDREEEMNPGDETYLIGEDLVVEDSQGNIISHTSSRDANGPSIDEKLAQGDPKAKSFGRKFRSFLRRSYDTFQRNLHEPDDERQREPTLGHIESSIENHRPRYSRQNSESHLRENSVERRRREQVLTNIGDSESEDDNIPRPGIVPFYNENNESSSDTRNGLLSDNVSESRSRRPSRAPSAAVSSEGSPVEEDNEAQHRPNIRFLELTRAWE,iontransporters,O14123
MDHSHHMGMSYMDSNSTMQPSHHHPTTSASHSHGGGDSSMMMMPMTFYFGFKNVELLFSGLVINTAGEMAGAFVAVFLLAMFYEGLKIARESLLRKSQVSIRYNSMPVPGPNGTILMETHKTVGQQMLSFPHLLQTVLHIIQVVISYFLMLIFMTYNGYLCIAVAAGAGTGYFLFSWKKAVVVDITEHCH,iontransporters,O15431
MADAQDDMSQMQDKFTYDYETIRKGGLIFAAIAFVVGMLIIFSGRFRCGRKKQLRALNDDM,iontransporters,O13001
MTPAFELQGVQFAYKGVPALNGLDLTLPLGRRTALLGANGSGKSTLLRLLDGLQFPAAGRISAFGTPLTEAMFTDEAAAIAFRRRVGFVFQNPEVQLFCPSVFDELAFGPLQLHWPKERIRARVARAIAQFGLGPLAGRPPHRLSGGEKKRVALASVLILDPEVLLLDEPTAALDPQATDDIAALLETEFGARNPGRTLIFSSHDLDLVARIADHVVVLEAGKVAAAGPAAEVLARTALLRRARLLPGFDGTAP,iontransporters,D5AQY6
MKAALKGKYDLDHNSSGAATVAFNAGDVKLRASITDATFKNSPSLTGLVLAVEKPGSFSVDYNVPKKDFRFQFMNTVRVAEKPLNLAYIHSKGDNRTILDGTLVWDPSNKVSANYAVESGNCKLKYSYNHKGLTTIEPTYDVAKNSWDFAVSGKVYGDDSLKASYQTSSKVLGLEWTRNSKQTGCFKVVASVNLAEEKKIPKLSVESTLNFEM,iontransporters,O49929
MSSKRTLWLLAGTVALVVVPLLMGGEFGGADGQAAELIEATVPGFAPWADPLWEPPSGEVESLFFALQAALGAFVVGLVIGRRQGAAKTREQNAPAPRSFPAE,iontransporters,O68104
MEHYISLLVKSIFIENMALSFFLGMCTFLAVSKKVKTSFGLGIAVIVVLTISVPVNNLVYNLVLKPDALVEGVDLSFLNFITFIGVIAALVQILEMILDRFFPPLYNALGIFLPLITVNCAIFGGVSFMVQRDYSFAESVVYGFGSGVGWMLAIVALAGIREKMKYSDVPPGLRGLGITFITAGLMALGFMSFSGVQL,iontransporters,A5F5Y5
MEGQTPGSRGLPEKPHPATAAATLSSMGAVFILMKSALGAGLLNFPWAFSKAGGVVPAFLVELVSLVFLISGLVILGYAAAVSGQATYQGVVRGLCGPAIGKLCEACFLLNLLMISVAFLRVIGDQLEKLCDSLLSGTPPAPQPWYADQRFTLPLLSVLVILPLSAPREIAFQKYTSILGTLAACYLALVITVQYYLWPQGLVRESHPSLSPASWTSVFSVFPTICFGFQCHEAAVSIYCSMRKRSLSHWALVSVLSLLACCLIYSLTGVYGFLTFGTEVSADVLMSYPGNDMVIIVARVLFAVSIVTVYPIVLFLGRSVMQDFWRRSCLGGWGPSALADPSGLWVRMPLTILWVTVTLAMALFMPDLSEIVSIIGGISSFFIFIFPGLCLICAMGVEPIGPRVKCCLEVWGVVSVLVGTFIFGQSTAAAVWEMF,iontransporters,A6NNN8
MDIFLVVLVLLTIIAISNIVNRFIPFIPVPLIQVALGILAASFPQGLHFELNTELFFVLFIAPLLFNDGKRTPRAELWNLRAPILLLALGLVFATVIVGGYTIHWMIPAIPLAAAFGLAAILSPTDVVAVSALSGRVKMPKGILRLLEGEGLMNDASGLVAFKFAIAAAVTGAFSLAQAAVSFVFISLGGLLCGVVISFLIIRFRLFLRRLGMQDVTMHMLIQILTPFVIYLAAEEIGVSGILAVVAGGITHAVEQDRLESTMIKLQIVSSSTWNIILFILNGLVFVILGTQIPDVISVIFNDTAISNMKVIGYILVITFTLMLLRFLWVLFFWNGKWFFNKDQNIYKPGLRSTLLISISGVRGAVTLAGSFSIPYFLEDGTPFPERNLILFLAAGVILCTLVIATVVLPILTEKEEEDEERNKKLLTARRKLIKTALQTIKEDMNETNKTASLAVIAEYNEKMKNLRFQQYTSSNRIKKHERKVRAQGVKAEQEALMKMLERGDIPEETANVLQERFNELEILYANPFKVGLSKTRLKRLMYWIFFGEHKKPEMSILNEAGLIRATRVKTAKAAIEYLEKHKTDEHKEVFLSVITFYKQLIFRLEHSHHELKSSAHFENQKLEVKLKAVQAIRNEIQTLFEEREISRDISHELRQYINDVEAAMLEGGE,iontransporters,O32212
MTVANSASISADIAGRYAQALFDLVRDSGGIDALSSQIDDLASAYDASQDLRDLTLSPLYDRQQQEAAVGALSERMGLSAELANTLRLLARNRRLFTLPQFVAKLRNLIADAKGEVTADVVSAQALTDEQKARLADTLAAKSGKTVKLNARVDESLIGGMIVKLGSQMIDSSIRSKLASLQNAMKEVG,iontransporters,A1B8N7
MSIASIDRVAAQGRWRNRPLAEKCLIGLGFLALAVTVPPFPGAVLVTVAILAFTFLGARVPLRFWAAVAVLPLGFLTTGAAVLLIQIGPDGIGLAPQGPAKAAALVMRASAATCCLLFLATTTPAADLLSGLRRWRVPAELIEIALLTYRFVFILAEEAAAMTTAQRARLGHATRRRWLRSTAQVIAALLPRALDRARRLETGLAARNWQGEMRVLSTRPAASPLVLGLILTLQAAILAAGVLL,iontransporters,D5AUZ7
MDAVTINSFFMIGALLIGISVLLSPVSSKLGIPILLVFLAVGMLAGEDGIGQIAFDNYPVAYLVSNLALAIILLDGGMRTRVASFRVAFWPSVSLATLGVAVTTLLTGLLAMWLFNLSLLQGVLVGAIVGSTDAAAVFSLLKGRSLNERVGATLEIESGTNDPMAVFLTVTLIAVLGSAETNLSAGFLLLSFAQQFGVGALLGLAGGWILWWLINRNQLPEGLYSILAVSGGLMIFALSNALGGSGILSIYLTGLLLGNRPTRSRHAILNVLDGMTWLAQIGMFLVLGLLVTPSELMEIALPGLALAVGMILFARPIAVWIGLAPFKSFTAREKWFVSWVGLRGAVPIILAVFPMMAGLPNAQLYFNLAFFVVMVSLVVQGGTLTKAMSLAKVELPPKPEPISRTGVEIYPTSEWELFIYKLKADKWCIGEPLRNLFMPEGTRIAAVFRDNQLLHPSGSTELCEGDTLCVMAQERDLESLSRLFSEAPEKASLARFFGDFFLDIEAKLQDVALLYGLDLGELEADAKLKDLVLEHLGETPVLGDYFEWHGLQWVVADVVDWKVTKIGLRLPPEEELQEGAE,iontransporters,A5F4U3
MTPILAAEALTYAFPGGVKALDDLSLAVPQGESLAILGPNGAGKSTLLLHLNGTLRPQSGRVLLGGTATGHSRKDLTDWRRRVGLVLQDADDQLFAATVFEDVSFGPLNLGLSEAEARARVEEALAALSISDLRDRPTHMLSGGQKRRVAIAGAVAMRPEVLLLDEPTAGLDLAGTEQLLTLLHGLRAAGMTLVFSTHDVELAAALADRVALFRTGRVLAEGAAAAVLSDRATLAQGGLRPPLVIDLALSRARSRPFGPRSALPRTRDALAAQMAGWTRR,iontransporters,O68106
